,nom_ght,etablissement_ssr,categorie,code,groupe_planification,provenance,effectif_entrant,is_in_ght
0,GHT SÂONE-ET-LOIRE BRESSE MORVAN,CH AUTUN SITE LATOUCHE,CH,X08,Pneumologie ,CH AUTUN SITE PARPAS,30,1.0
1,GHT SÂONE-ET-LOIRE BRESSE MORVAN,CH AUTUN SITE LATOUCHE,CH,X03,Neurologie ,CH AUTUN SITE PARPAS,30,1.0
2,GHT SÂONE-ET-LOIRE BRESSE MORVAN,CH AUTUN SITE LATOUCHE,CH,X07,Affections Cardio-vasculaires ,CH AUTUN SITE PARPAS,16,1.0
3,GHT SÂONE-ET-LOIRE BRESSE MORVAN,CH AUTUN SITE LATOUCHE,CH,X06,Rhumatologie ,CH AUTUN SITE PARPAS,12,1.0
4,GHT SÂONE-ET-LOIRE BRESSE MORVAN,CENTRE ORTHOPEDIQUE MEDICO-CHIR,Privé,C09,"Chir. majeure de l'app. Locomoteur:
 hanche, fémur, genou, épaule",CH WILLIAM MOREY CHALON SUR SAONE,78,1.0
5,GHT SÂONE-ET-LOIRE BRESSE MORVAN,CENTRE ORTHOPEDIQUE MEDICO-CHIR,Privé,X03,Neurologie ,CH WILLIAM MOREY CHALON SUR SAONE,32,1.0
6,GHT SÂONE-ET-LOIRE BRESSE MORVAN,CENTRE ORTHOPEDIQUE MEDICO-CHIR,Privé,X08,Pneumologie ,CH WILLIAM MOREY CHALON SUR SAONE,22,1.0
7,GHT SÂONE-ET-LOIRE BRESSE MORVAN,CENTRE ORTHOPEDIQUE MEDICO-CHIR,Privé,X07,Affections Cardio-vasculaires ,CH WILLIAM MOREY CHALON SUR SAONE,24,1.0
8,GHT SÂONE-ET-LOIRE BRESSE MORVAN,CENTRE ORTHOPEDIQUE MEDICO-CHIR,Privé,C11,"Chirurgies autres de l'appareil locomoteur, 
amputations",CH WILLIAM MOREY CHALON SUR SAONE,20,1.0
9,GHT SÂONE-ET-LOIRE BRESSE MORVAN,CENTRE ORTHOPEDIQUE MEDICO-CHIR,Privé,X06,Rhumatologie ,CH WILLIAM MOREY CHALON SUR SAONE,20,1.0
10,GHT SÂONE-ET-LOIRE BRESSE MORVAN,CENTRE ORTHOPEDIQUE MEDICO-CHIR,Privé,X05,"
Traumatologie et ablation de matériel de l'appareil locomoteur",CH WILLIAM MOREY CHALON SUR SAONE,33,1.0
11,GHT SÂONE-ET-LOIRE BRESSE MORVAN,CENTRE ORTHOPEDIQUE MEDICO-CHIR,Privé,X02,Hépato-Gastro-Entérologie ,CH WILLIAM MOREY CHALON SUR SAONE,22,1.0
12,GHT SÂONE-ET-LOIRE BRESSE MORVAN,CENTRE ORTHOPEDIQUE MEDICO-CHIR,Privé,X12,Uro-Néphrologie médicale (hors Séances),CH WILLIAM MOREY CHALON SUR SAONE,11,1.0
13,GHT SÂONE-ET-LOIRE BRESSE MORVAN,CH WILLIAM MOREY CHALON SUR SAONE,CH,C09,"Chir. majeure de l'app. Locomoteur:
 hanche, fémur, genou, épaule",CH WILLIAM MOREY CHALON SUR SAONE,49,1.0
14,GHT SÂONE-ET-LOIRE BRESSE MORVAN,CH WILLIAM MOREY CHALON SUR SAONE,CH,X03,Neurologie ,CH WILLIAM MOREY CHALON SUR SAONE,28,1.0
15,GHT SÂONE-ET-LOIRE BRESSE MORVAN,CH WILLIAM MOREY CHALON SUR SAONE,CH,X08,Pneumologie ,CH WILLIAM MOREY CHALON SUR SAONE,85,1.0
16,GHT SÂONE-ET-LOIRE BRESSE MORVAN,CH WILLIAM MOREY CHALON SUR SAONE,CH,X07,Affections Cardio-vasculaires ,CH WILLIAM MOREY CHALON SUR SAONE,26,1.0
17,GHT SÂONE-ET-LOIRE BRESSE MORVAN,CH WILLIAM MOREY CHALON SUR SAONE,CH,C11,"Chirurgies autres de l'appareil locomoteur, 
amputations",CH WILLIAM MOREY CHALON SUR SAONE,14,1.0
18,GHT SÂONE-ET-LOIRE BRESSE MORVAN,CH WILLIAM MOREY CHALON SUR SAONE,CH,X06,Rhumatologie ,CH WILLIAM MOREY CHALON SUR SAONE,31,1.0
19,GHT SÂONE-ET-LOIRE BRESSE MORVAN,CH WILLIAM MOREY CHALON SUR SAONE,CH,X05,"
Traumatologie et ablation de matériel de l'appareil locomoteur",CH WILLIAM MOREY CHALON SUR SAONE,33,1.0
20,GHT SÂONE-ET-LOIRE BRESSE MORVAN,CH WILLIAM MOREY CHALON SUR SAONE,CH,X12,Uro-Néphrologie médicale (hors Séances),CH WILLIAM MOREY CHALON SUR SAONE,15,1.0
21,GHT SÂONE-ET-LOIRE BRESSE MORVAN,CH WILLIAM MOREY CHALON SUR SAONE,CH,X20 ,Psychiatrie ,CH WILLIAM MOREY CHALON SUR SAONE,17,1.0
22,GHT SÂONE-ET-LOIRE BRESSE MORVAN,CH WILLIAM MOREY CHALON SUR SAONE,CH,X19,"Fièvre, Infection, Septicémie, VIH",CH WILLIAM MOREY CHALON SUR SAONE,15,1.0
23,GHT SÂONE-ET-LOIRE BRESSE MORVAN,CENTRE SSR DU CHALONNAIS,Privé ,C09,"Chir. majeure de l'app. Locomoteur:
 hanche, fémur, genou, épaule",CH WILLIAM MOREY CHALON SUR SAONE,35,1.0
24,GHT SÂONE-ET-LOIRE BRESSE MORVAN,CENTRE SSR DU CHALONNAIS,Privé ,X08,Pneumologie ,CH WILLIAM MOREY CHALON SUR SAONE,12,1.0
25,GHT SÂONE-ET-LOIRE BRESSE MORVAN,CENTRE SSR DU CHALONNAIS,Privé ,C11,"Chirurgies autres de l'appareil locomoteur, 
amputations",CH WILLIAM MOREY CHALON SUR SAONE,15,1.0
26,GHT SÂONE-ET-LOIRE BRESSE MORVAN,CENTRE SSR DU CHALONNAIS,Privé ,X02,Hépato-Gastro-Entérologie ,CH WILLIAM MOREY CHALON SUR SAONE,11,1.0
27,GHT SÂONE-ET-LOIRE BRESSE MORVAN,CENTRE SSR DU CHALONNAIS,Privé ,C07,"Chir. Viscérale autre : rate, grêle, colon,
 proctologie, hernies",CH WILLIAM MOREY CHALON SUR SAONE,25,1.0
28,GHT SÂONE-ET-LOIRE BRESSE MORVAN,CENTRE SSR DU CHALONNAIS,Privé ,C06,"Chir. Digestive majeure : oesophage, 
estomac, grêle, côlon, rectum",CH WILLIAM MOREY CHALON SUR SAONE,12,1.0
29,GHT SÂONE-ET-LOIRE BRESSE MORVAN,KORIAN LA BRESSANE,Privé ,C09,"Chir. majeure de l'app. Locomoteur:
 hanche, fémur, genou, épaule",CH WILLIAM MOREY CHALON SUR SAONE,25,1.0
30,GHT SÂONE-ET-LOIRE BRESSE MORVAN,KORIAN LA BRESSANE,Privé ,X05,"
Traumatologie et ablation de matériel de l'appareil locomoteur",CH WILLIAM MOREY CHALON SUR SAONE,12,1.0
31,GHT SÂONE-ET-LOIRE BRESSE MORVAN,CH JEAN BOUVERI,CH,C09,"Chir. majeure de l'app. Locomoteur:
 hanche, fémur, genou, épaule",CH WILLIAM MOREY CHALON SUR SAONE,18,1.0
32,GHT SÂONE-ET-LOIRE BRESSE MORVAN,CH JEAN BOUVERI,CH,X08,Pneumologie ,CH JEAN BOUVERI,44,1.0
33,GHT SÂONE-ET-LOIRE BRESSE MORVAN,CH JEAN BOUVERI,CH,X03,Neurologie médicale,CH JEAN BOUVERI,46,1.0
34,GHT SÂONE-ET-LOIRE BRESSE MORVAN,CH JEAN BOUVERI,CH,X07,Affections Cardio-vasculaires ,CH JEAN BOUVERI,42,1.0
35,GHT SÂONE-ET-LOIRE BRESSE MORVAN,CH JEAN BOUVERI,CH,X06,Rhumatologie ,CH JEAN BOUVERI,31,1.0
36,GHT SÂONE-ET-LOIRE BRESSE MORVAN,CH JEAN BOUVERI,CH,X20 ,Psychiatrie ,CH JEAN BOUVERI,25,1.0
37,GHT SÂONE-ET-LOIRE BRESSE MORVAN,CH JEAN BOUVERI,CH,X21,"Effets nocifs, alcool, toxicologie, allergies",CH JEAN BOUVERI,31,1.0
38,GHT SÂONE-ET-LOIRE BRESSE MORVAN,CH JEAN BOUVERI,CH,X05,"
Traumatologie et ablation de matériel de l'appareil locomoteur",CH JEAN BOUVERI,24,1.0
39,GHT SÂONE-ET-LOIRE BRESSE MORVAN,CH JEAN BOUVERI,CH,X16,"Affections et traumatismes de la peau, gelures",CH JEAN BOUVERI,24,1.0
40,GHT SÂONE-ET-LOIRE BRESSE MORVAN,CH JEAN BOUVERI,CH,X02,Hépato-Gastro-Entérologie ,CH JEAN BOUVERI,22,1.0
41,GHT SÂONE-ET-LOIRE BRESSE MORVAN,CH JEAN BOUVERI,CH,X12,Uro-Néphrologie médicale (hors Séances),CH JEAN BOUVERI,15,1.0
42,GHT SÂONE-ET-LOIRE BRESSE MORVAN,CH JEAN BOUVERI,CH,X18,"Suivi thérap. d'affections connues, Allergologie,
 Rééducation, Convalescence",CH JEAN BOUVERI,16,1.0
43,GHT SÂONE-ET-LOIRE BRESSE MORVAN,CH BELNAY,CH,C09,"Chir. majeure de l'app. Locomoteur:
 hanche, fémur, genou, épaule",CH WILLIAM MOREY CHALON SUR SAONE,13,1.0
44,GHT SÂONE-ET-LOIRE BRESSE MORVAN,SSR MARGUERITE BOUCICAUT,Privé ,X03,Neurologie médicale,CH WILLIAM MOREY CHALON SUR SAONE,133,1.0
45,GHT SÂONE-ET-LOIRE BRESSE MORVAN,SSR MARGUERITE BOUCICAUT,Privé ,X07,Affections Cardio-vasculaires ,CH WILLIAM MOREY CHALON SUR SAONE,26,1.0
46,GHT SÂONE-ET-LOIRE BRESSE MORVAN,SSR MARGUERITE BOUCICAUT,Privé ,X08,Pneumologie ,CH WILLIAM MOREY CHALON SUR SAONE,63,1.0
47,GHT SÂONE-ET-LOIRE BRESSE MORVAN,SSR MARGUERITE BOUCICAUT,Privé ,X08,Pneumologie ,CH JEAN BOUVERI,11,1.0
48,GHT SÂONE-ET-LOIRE BRESSE MORVAN,CRF LE BOURBONNAIS,PSPH/EBNL,X03,Neurologie médicale ,CH WILLIAM MOREY CHALON SUR SAONE,14,1.0
49,GHT SÂONE-ET-LOIRE BRESSE MORVAN,CH BRESSE LOUHANNAISE,CH,X03,Neurologie médicale ,CH BRESSE LOUHANNAISE,17,1.0
50,GHT SÂONE-ET-LOIRE BRESSE MORVAN,CH BRESSE LOUHANNAISE,CH,X08,Pneumologie ,CH BRESSE LOUHANNAISE,12,1.0
51,GHT SÂONE-ET-LOIRE BRESSE MORVAN,CH BRESSE LOUHANNAISE,CH,X07,Affections Cardio-vasculaires ,CH BRESSE LOUHANNAISE,11,1.0
52,GHT SÂONE-ET-LOIRE BRESSE MORVAN,CH DE LA GUICHE,CH ,X08,Pneumologie ,CH JEAN BOUVERI,43,1.0
53,GHT SUD YONNE HAUT-NIVERNAIS,AIHP CENTRE ARMANCON,PSPH/EBNL,X21,"Effets nocifs, alcool, toxicologie, allergies",CHS AUXERRE,30,1.0
54,GHT SUD YONNE HAUT-NIVERNAIS,CSSR LE RENOUVEAU,Privé,X21,"Effets nocifs, alcool, toxicologie, allergies",CHS AUXERRE,13,1.0
55,GHT SUD YONNE HAUT-NIVERNAIS,LE RECONFORT,Privé ,C09,"Chir. majeure de l'app. Locomoteur:
 hanche, fémur, genou, épaule",CH AUXERRE,39,1.0
56,GHT SUD YONNE HAUT-NIVERNAIS,LE RECONFORT,Privé ,X07,Affections Cardio-vasculaires ,CH CLAMECY,25,1.0
57,GHT SUD YONNE HAUT-NIVERNAIS,LE RECONFORT,Privé ,X08,Pneumologie ,CH CLAMECY,21,1.0
58,GHT SUD YONNE HAUT-NIVERNAIS,LE RECONFORT,Privé ,X03,Neurologie ,CH CLAMECY,20,1.0
59,GHT SUD YONNE HAUT-NIVERNAIS,LE RECONFORT,Privé ,X06,Rhumatologie ,CH CLAMECY,18,1.0
60,GHT SUD YONNE HAUT-NIVERNAIS,CH AUXERRE,CH,C09,"Chir. majeure de l'app. Locomoteur:
 hanche, fémur, genou, épaule",CH AUXERRE,62,1.0
61,GHT SUD YONNE HAUT-NIVERNAIS,CH AUXERRE,CH,X08,Pneumologie ,CH AUXERRE,36,1.0
62,GHT SUD YONNE HAUT-NIVERNAIS,CH AUXERRE,CH,X03,Neurologie ,CH AUXERRE,80,1.0
63,GHT SUD YONNE HAUT-NIVERNAIS,CH AUXERRE,CH,X07,Affections Cardio-vasculaires ,CH AUXERRE,70,1.0
64,GHT SUD YONNE HAUT-NIVERNAIS,CH AUXERRE,CH,X02,Hépato-Gastro-Entérologie ,CH AUXERRE,31,1.0
65,GHT SUD YONNE HAUT-NIVERNAIS,CH AUXERRE,CH,C11,"Chirurgies autres de l'appareil locomoteur, 
amputations",CH AUXERRE,17,1.0
66,GHT SUD YONNE HAUT-NIVERNAIS,CH AUXERRE,CH,X06,Rhumatologie ,CH AUXERRE,42,1.0
67,GHT SUD YONNE HAUT-NIVERNAIS,CH AUXERRE,CH,X24,"Médecine inter spécialités, 
Autres symptômes ou motifs médicaux",CH AUXERRE,34,1.0
68,GHT SUD YONNE HAUT-NIVERNAIS,CH AUXERRE,CH,X05,"
Traumatologie et ablation de matériel de l'appareil locomoteur",CH AUXERRE,37,1.0
69,GHT SUD YONNE HAUT-NIVERNAIS,CH AUXERRE,CH,X16,"Affections et traumatismes de la peau, gelures",CH AUXERRE,26,1.0
70,GHT SUD YONNE HAUT-NIVERNAIS,CH AUXERRE,CH,X12,Uro-Néphrologie médicale (hors Séances),CH AUXERRE,17,1.0
71,GHT SUD YONNE HAUT-NIVERNAIS,CH AUXERRE,CH,X20,Psychiatrie ,CH AUXERRE,22,1.0
72,GHT SUD YONNE HAUT-NIVERNAIS,CH AUXERRE,CH,X15,"Diabète, Maladies métaboliques,
 Endocrinologie (hors complications)",CH AUXERRE,18,1.0
73,GHT SUD YONNE HAUT-NIVERNAIS,CH AUXERRE,CH,X04,"Commotions cérébrales, Traumatismes crâniens",CH AUXERRE,12,1.0
74,GHT SUD YONNE HAUT-NIVERNAIS,ÉTABLISSEMENT SOINS DE SUITE LE PETIT PIEN,Privé ,C09,"Chir. majeure de l'app. Locomoteur:
 hanche, fémur, genou, épaule",CH AUXERRE,53,1.0
75,GHT SUD YONNE HAUT-NIVERNAIS,ÉTABLISSEMENT SOINS DE SUITE LE PETIT PIEN,Privé ,X08,Pneumologie ,CH AUXERRE,79,1.0
76,GHT SUD YONNE HAUT-NIVERNAIS,ÉTABLISSEMENT SOINS DE SUITE LE PETIT PIEN,Privé ,X03,Neurologie ,CH AUXERRE,32,1.0
77,GHT SUD YONNE HAUT-NIVERNAIS,ÉTABLISSEMENT SOINS DE SUITE LE PETIT PIEN,Privé ,X07,Affections Cardio-vasculaires ,CH AUXERRE,27,1.0
78,GHT SUD YONNE HAUT-NIVERNAIS,ÉTABLISSEMENT SOINS DE SUITE LE PETIT PIEN,Privé ,X02,Hépato-Gastro-Entérologie ,CH AUXERRE,34,1.0
79,GHT SUD YONNE HAUT-NIVERNAIS,ÉTABLISSEMENT SOINS DE SUITE LE PETIT PIEN,Privé ,C11,"Chirurgies autres de l'appareil locomoteur, 
amputations",CH AUXERRE,17,1.0
80,GHT SUD YONNE HAUT-NIVERNAIS,ÉTABLISSEMENT SOINS DE SUITE LE PETIT PIEN,Privé ,X06,Rhumatologie ,CH AUXERRE,17,1.0
81,GHT SUD YONNE HAUT-NIVERNAIS,ÉTABLISSEMENT SOINS DE SUITE LE PETIT PIEN,Privé ,X24,"Médecine inter spécialités, 
Autres symptômes ou motifs médicaux",CH AUXERRE,22,1.0
82,GHT SUD YONNE HAUT-NIVERNAIS,ÉTABLISSEMENT SOINS DE SUITE LE PETIT PIEN,Privé ,X23,Chimithérapie (hors séances) ,CH AUXERRE,28,1.0
83,GHT SUD YONNE HAUT-NIVERNAIS,ÉTABLISSEMENT SOINS DE SUITE LE PETIT PIEN,Privé ,X16,"Affections et traumatismes de la peau, gelures",CH AUXERRE,11,1.0
84,GHT SUD YONNE HAUT-NIVERNAIS,ÉTABLISSEMENT SOINS DE SUITE LE PETIT PIEN,Privé ,X12,Uro-Néphrologie médicale (hors Séances),CH AUXERRE,13,1.0
85,GHT SUD YONNE HAUT-NIVERNAIS,ÉTABLISSEMENT SOINS DE SUITE LE PETIT PIEN,Privé ,X20,Psychiatrie ,CH AUXERRE,11,1.0
86,GHT SUD YONNE HAUT-NIVERNAIS,CH AVALLON,CH ,C09,"Chir. majeure de l'app. Locomoteur:
 hanche, fémur, genou, épaule",CH AUXERRE,25,1.0
87,GHT SUD YONNE HAUT-NIVERNAIS,CH AVALLON,CH ,X06,Rhumatologie ,CH AVALLON,26,1.0
88,GHT SUD YONNE HAUT-NIVERNAIS,CH AVALLON,CH ,X07,Affections Cardio-vasculaires ,CH AVALLON,21,1.0
89,GHT SUD YONNE HAUT-NIVERNAIS,CH AVALLON,CH ,X08,Pneumologie ,CH AVALLON,21,1.0
90,GHT SUD YONNE HAUT-NIVERNAIS,CH AVALLON,CH ,X03,Neurologie ,CH AVALLON,12,1.0
91,GHT SUD YONNE HAUT-NIVERNAIS,CH AVALLON,CH ,X05,"
Traumatologie et ablation de matériel de l'appareil locomoteur",CH AVALLON,14,1.0
92,GHT SUD YONNE HAUT-NIVERNAIS,CH AVALLON,CH ,X20,Psychiatrie ,CH AVALLON,14,1.0
93,GHT SUD YONNE HAUT-NIVERNAIS,CH AVALLON,CH ,X24,"Médecine inter spécialités, 
Autres symptômes ou motifs médicaux",CH AVALLON,12,1.0
94,GHT SUD YONNE HAUT-NIVERNAIS,CH DU TONNERROIS,CH,C09,"Chir. majeure de l'app. Locomoteur:
 hanche, fémur, genou, épaule",CH AUXERRE,24,1.0
95,GHT SUD YONNE HAUT-NIVERNAIS,CH DU TONNERROIS,CH,X03,Neurologie ,CH DU TONNERROIS,22,1.0
96,GHT SUD YONNE HAUT-NIVERNAIS,CH DU TONNERROIS,CH,X06,Rhumatologie ,CH DU TONNERROIS,23,1.0
97,GHT SUD YONNE HAUT-NIVERNAIS,CH DU TONNERROIS,CH,X08,Pneumologie ,CH DU TONNERROIS,18,1.0
98,GHT SUD YONNE HAUT-NIVERNAIS,CH DU TONNERROIS,CH,X05,"
Traumatologie et ablation de matériel de l'appareil locomoteur",CH DU TONNERROIS,16,1.0
99,GHT SUD YONNE HAUT-NIVERNAIS,CH DU TONNERROIS,CH,X07,Affections Cardio-vasculaires ,CH DU TONNERROIS,13,1.0
100,GHT SUD YONNE HAUT-NIVERNAIS,CENTRE MEDICAL DE LA VENERIE,Privé ,X08,Pneumologie ,CH CLAMECY,11,1.0
101,GHT CÔTE D'OR - HAUTE MARNE,CH REG UNIVERSITAIRE DIJON,CHR/U ,X08,Pneumologie ,CH REG UNIVERSITAIRE DIJON,90,1.0
102,GHT CÔTE D'OR - HAUTE MARNE,CH REG UNIVERSITAIRE DIJON,CHR/U ,X07,Affections Cardio-vasculaires ,CH REG UNIVERSITAIRE DIJON,68,1.0
103,GHT CÔTE D'OR - HAUTE MARNE,CH REG UNIVERSITAIRE DIJON,CHR/U ,X20 ,Psychiatrie ,CH REG UNIVERSITAIRE DIJON,59,1.0
104,GHT CÔTE D'OR - HAUTE MARNE,CH REG UNIVERSITAIRE DIJON,CHR/U ,X03 ,Neurologie médicale ,CH REG UNIVERSITAIRE DIJON,49,1.0
105,GHT CÔTE D'OR - HAUTE MARNE,CH REG UNIVERSITAIRE DIJON,CHR/U ,X06 ,Rhumatologie ,CH REG UNIVERSITAIRE DIJON,36,1.0
106,GHT CÔTE D'OR - HAUTE MARNE,CH REG UNIVERSITAIRE DIJON,CHR/U ,X02 ,Hépato-Gastro-Entérologie ,CH REG UNIVERSITAIRE DIJON,34,1.0
107,GHT CÔTE D'OR - HAUTE MARNE,CH REG UNIVERSITAIRE DIJON,CHR/U ,X12 ,Uro-Néphrologie médicale (hors Séances),CH REG UNIVERSITAIRE DIJON,21,1.0
108,GHT CÔTE D'OR - HAUTE MARNE,CH REG UNIVERSITAIRE DIJON,CHR/U ,X14,"Maladies immunitaires, du Sang, des Organes 
hématopoïétiques, Tumeurs SID",CH REG UNIVERSITAIRE DIJON,13,1.0
109,GHT CÔTE D'OR - HAUTE MARNE,SSR EDITH CAVELL,Privé ,X07,Affections Cardio-vasculaires ,CH REG UNIVERSITAIRE DIJON,22,1.0
110,GHT CÔTE D'OR - HAUTE MARNE,SSR EDITH CAVELL,Privé ,X20 ,Psychiatrie ,CH REG UNIVERSITAIRE DIJON,23,1.0
111,GHT CÔTE D'OR - HAUTE MARNE,SSR EDITH CAVELL,Privé ,X03 ,Neurologie médicale ,CH REG UNIVERSITAIRE DIJON,14,1.0
112,GHT CÔTE D'OR - HAUTE MARNE,SSR EDITH CAVELL,Privé ,X06 ,Rhumatologie ,CH REG UNIVERSITAIRE DIJON,12,1.0
113,GHT CÔTE D'OR - HAUTE MARNE,SSR EDITH CAVELL,Privé ,C09 ,"Chir. majeure de l'app. Locomoteur:
 hanche, fémur, genou, épaule",HÔPITAL LE BOCAGE CHRU DIJON,30,1.0
114,GHT CÔTE D'OR - HAUTE MARNE,SSR EDITH CAVELL,Privé ,X08 ,Pneumologie ,HÔPITAL LE BOCAGE CHRU DIJON,37,1.0
115,GHT CÔTE D'OR - HAUTE MARNE,SSR EDITH CAVELL,Privé ,X03 ,Neurologie médicale ,HÔPITAL LE BOCAGE CHRU DIJON,15,1.0
116,GHT CÔTE D'OR - HAUTE MARNE,SSR EDITH CAVELL,Privé ,X06 ,Rhumatologie ,HÔPITAL LE BOCAGE CHRU DIJON,20,1.0
117,GHT CÔTE D'OR - HAUTE MARNE,SSR EDITH CAVELL,Privé ,X07 ,Affections Cardio-vasculaires ,HÔPITAL LE BOCAGE CHRU DIJON,26,1.0
118,GHT CÔTE D'OR - HAUTE MARNE,SSR EDITH CAVELL,Privé ,X02 ,Hépato-Gastro-Entérologie ,HÔPITAL LE BOCAGE CHRU DIJON,23,1.0
119,GHT CÔTE D'OR - HAUTE MARNE,SSR EDITH CAVELL,Privé ,X12 ,Uro-Néphrologie médicale (hors Séances),HÔPITAL LE BOCAGE CHRU DIJON,13,1.0
120,GHT CÔTE D'OR - HAUTE MARNE,SSR EDITH CAVELL,Privé ,C06,"Chir. Digestive majeure : oesophage, estomac, grêle, côlon, rectum",HÔPITAL LE BOCAGE CHRU DIJON,23,1.0
121,GHT CÔTE D'OR - HAUTE MARNE,SSR EDITH CAVELL,Privé ,X14,"Maladies immunitaires, du Sang, des Organes 
hématopoïétiques, Tumeurs SID",HÔPITAL LE BOCAGE CHRU DIJON,12,1.0
122,GHT CÔTE D'OR - HAUTE MARNE,CSSR LE RENOUVEAU,Privé ,X21,"Effets nocifs, alcool, toxicologie, allergies",CH LA CHARTREUSE,12,1.0
123,GHT CÔTE D'OR - HAUTE MARNE,HÔPITAL LE BOCAGE CHRU DIJON,CHR/U ,C09 ,"Chir. majeure de l'app. Locomoteur:
 hanche, fémur, genou, épaule",HÔPITAL LE BOCAGE CHRU DIJON,86,1.0
124,GHT CÔTE D'OR - HAUTE MARNE,HÔPITAL LE BOCAGE CHRU DIJON,CHR/U ,X08 ,Pneumologie ,HÔPITAL LE BOCAGE CHRU DIJON,67,1.0
125,GHT CÔTE D'OR - HAUTE MARNE,HÔPITAL LE BOCAGE CHRU DIJON,CHR/U ,X03 ,Neurologie médicale ,HÔPITAL LE BOCAGE CHRU DIJON,85,1.0
126,GHT CÔTE D'OR - HAUTE MARNE,HÔPITAL LE BOCAGE CHRU DIJON,CHR/U ,C11,"Chirurgies autres de l'appareil locomoteur, 
amputations",HÔPITAL LE BOCAGE CHRU DIJON,43,1.0
127,GHT CÔTE D'OR - HAUTE MARNE,HÔPITAL LE BOCAGE CHRU DIJON,CHR/U ,C02 ,"Chirugie du rachis, Neuro-chirurgie ",HÔPITAL LE BOCAGE CHRU DIJON,33,1.0
128,GHT CÔTE D'OR - HAUTE MARNE,HÔPITAL LE BOCAGE CHRU DIJON,CHR/U ,C04 ,"Chir. cardio-thoracique (hors transplant. d'organe), 
Pontages aorto-coronariens",HÔPITAL LE BOCAGE CHRU DIJON,37,1.0
129,GHT CÔTE D'OR - HAUTE MARNE,HÔPITAL LE BOCAGE CHRU DIJON,CHR/U ,X06 ,Rhumatologie ,HÔPITAL LE BOCAGE CHRU DIJON,15,1.0
130,GHT CÔTE D'OR - HAUTE MARNE,HÔPITAL LE BOCAGE CHRU DIJON,CHR/U ,X07 ,Affections Cardio-vasculaires ,HÔPITAL LE BOCAGE CHRU DIJON,18,1.0
131,GHT CÔTE D'OR - HAUTE MARNE,HÔPITAL LE BOCAGE CHRU DIJON,CHR/U ,K05,"Cathétérismes vasculaires diagnostiques
 et interventionnels",HÔPITAL LE BOCAGE CHRU DIJON,25,1.0
132,GHT CÔTE D'OR - HAUTE MARNE,HÔPITAL LE BOCAGE CHRU DIJON,CHR/U ,X12 ,Uro-Néphrologie médicale (hors Séances),HÔPITAL LE BOCAGE CHRU DIJON,12,1.0
133,GHT CÔTE D'OR - HAUTE MARNE,HÔPITAL LE BOCAGE CHRU DIJON,CHR/U ,C14,Chirurgie vasculaire ,HÔPITAL LE BOCAGE CHRU DIJON,12,1.0
134,GHT CÔTE D'OR - HAUTE MARNE,C.R.B LES ROSIERS,Privé ,C09 ,"Chir. majeure de l'app. Locomoteur:
 hanche, fémur, genou, épaule",HÔPITAL LE BOCAGE CHRU DIJON,74,1.0
135,GHT CÔTE D'OR - HAUTE MARNE,C.R.B LES ROSIERS,Privé ,X08 ,Pneumologie ,HÔPITAL LE BOCAGE CHRU DIJON,22,1.0
136,GHT CÔTE D'OR - HAUTE MARNE,C.R.B LES ROSIERS,Privé ,C11,"Chirurgies autres de l'appareil locomoteur, 
amputations",HÔPITAL LE BOCAGE CHRU DIJON,26,1.0
137,GHT CÔTE D'OR - HAUTE MARNE,C.R.B LES ROSIERS,Privé ,X06 ,Rhumatologie ,HÔPITAL LE BOCAGE CHRU DIJON,13,1.0
138,GHT CÔTE D'OR - HAUTE MARNE,CENTRE DE CONVALESCENCE,Privé ,C09 ,"Chir. majeure de l'app. Locomoteur:
 hanche, fémur, genou, épaule",HÔPITAL LE BOCAGE CHRU DIJON,55,1.0
139,GHT CÔTE D'OR - HAUTE MARNE,CENTRE DE CONVALESCENCE,Privé ,X08 ,Pneumologie ,HÔPITAL LE BOCAGE CHRU DIJON,46,1.0
140,GHT CÔTE D'OR - HAUTE MARNE,CENTRE DE CONVALESCENCE,Privé ,X03 ,Neurologie médicale ,HÔPITAL LE BOCAGE CHRU DIJON,13,1.0
141,GHT CÔTE D'OR - HAUTE MARNE,CENTRE DE CONVALESCENCE,Privé ,C11,"Chirurgies autres de l'appareil locomoteur, 
amputations",HÔPITAL LE BOCAGE CHRU DIJON,13,1.0
142,GHT CÔTE D'OR - HAUTE MARNE,CENTRE DE CONVALESCENCE,Privé ,X06 ,Rhumatologie ,HÔPITAL LE BOCAGE CHRU DIJON,22,1.0
143,GHT CÔTE D'OR - HAUTE MARNE,CENTRE DE CONVALESCENCE,Privé ,X07 ,Affections Cardio-vasculaires ,HÔPITAL LE BOCAGE CHRU DIJON,28,1.0
144,GHT CÔTE D'OR - HAUTE MARNE,CENTRE DE CONVALESCENCE,Privé ,X02 ,Hépato-Gastro-Entérologie ,HÔPITAL LE BOCAGE CHRU DIJON,17,1.0
145,GHT CÔTE D'OR - HAUTE MARNE,CENTRE DE CONVALESCENCE,Privé ,X12 ,Uro-Néphrologie médicale (hors Séances),HÔPITAL LE BOCAGE CHRU DIJON,12,1.0
146,GHT CÔTE D'OR - HAUTE MARNE,CENTRE DE CONVALESCENCE,Privé ,X05 ,"
Traumatologie et ablation de matériel de l'appareil locomoteur",HÔPITAL LE BOCAGE CHRU DIJON,17,1.0
147,GHT CÔTE D'OR - HAUTE MARNE,CENTRE DE CONVALESCENCE,Privé ,X14,"Maladies immunitaires, du Sang, des Organes 
hématopoïétiques, Tumeurs SID",HÔPITAL LE BOCAGE CHRU DIJON,13,1.0
148,GHT CÔTE D'OR - HAUTE MARNE,CRF DIVIO,Privé ,C09 ,"Chir. majeure de l'app. Locomoteur:
 hanche, fémur, genou, épaule",HÔPITAL LE BOCAGE CHRU DIJON,46,1.0
149,GHT CÔTE D'OR - HAUTE MARNE,CRF DIVIO,Privé ,X08 ,Pneumologie ,HÔPITAL LE BOCAGE CHRU DIJON,12,1.0
150,GHT CÔTE D'OR - HAUTE MARNE,CRF DIVIO,Privé ,X03 ,Neurologie médicale ,HÔPITAL LE BOCAGE CHRU DIJON,43,1.0
151,GHT CÔTE D'OR - HAUTE MARNE,CRF DIVIO,Privé ,C11,"Chirurgies autres de l'appareil locomoteur, 
amputations",HÔPITAL LE BOCAGE CHRU DIJON,23,1.0
152,GHT CÔTE D'OR - HAUTE MARNE,CRF DIVIO,Privé ,C02 ,"Chirugie du rachis, Neuro-chirurgie ",HÔPITAL LE BOCAGE CHRU DIJON,24,1.0
153,GHT CÔTE D'OR - HAUTE MARNE,CRF DIVIO,Privé ,C12,Traumatismes multiples graves,HÔPITAL LE BOCAGE CHRU DIJON,14,1.0
154,GHT CÔTE D'OR - HAUTE MARNE,SA MAISON JOUVENCE,Privé ,C09 ,"Chir. majeure de l'app. Locomoteur:
 hanche, fémur, genou, épaule",HÔPITAL LE BOCAGE CHRU DIJON,16,1.0
155,GHT CÔTE D'OR - HAUTE MARNE,SA MAISON JOUVENCE,Privé ,X08 ,Pneumologie ,HÔPITAL LE BOCAGE CHRU DIJON,34,1.0
156,GHT CÔTE D'OR - HAUTE MARNE,SA MAISON JOUVENCE,Privé ,X03 ,Neurologie médicale ,HÔPITAL LE BOCAGE CHRU DIJON,15,1.0
157,GHT CÔTE D'OR - HAUTE MARNE,SA MAISON JOUVENCE,Privé ,C11,"Chirurgies autres de l'appareil locomoteur, 
amputations",HÔPITAL LE BOCAGE CHRU DIJON,16,1.0
158,GHT CÔTE D'OR - HAUTE MARNE,SA MAISON JOUVENCE,Privé ,C02 ,"Chirugie du rachis, Neuro-chirurgie ",HÔPITAL LE BOCAGE CHRU DIJON,17,1.0
159,GHT CÔTE D'OR - HAUTE MARNE,SA MAISON JOUVENCE,Privé ,X07 ,Affections Cardio-vasculaires ,HÔPITAL LE BOCAGE CHRU DIJON,22,1.0
160,GHT CÔTE D'OR - HAUTE MARNE,SA MAISON JOUVENCE,Privé ,X02 ,Hépato-Gastro-Entérologie ,HÔPITAL LE BOCAGE CHRU DIJON,14,1.0
161,GHT CÔTE D'OR - HAUTE MARNE,SA MAISON JOUVENCE,Privé ,X12 ,Uro-Néphrologie médicale (hors Séances),HÔPITAL LE BOCAGE CHRU DIJON,13,1.0
162,GHT CÔTE D'OR - HAUTE MARNE,CH D'AUXONNE,CH ,X08 ,Pneumologie ,HÔPITAL LE BOCAGE CHRU DIJON,12,1.0
163,GHT CÔTE D'OR - HAUTE MARNE,SSR MARGUERITE BOUCICAUT,Privé ,C04 ,"Chir. cardio-thoracique (hors transplant. d'organe), 
Pontages aorto-coronariens",HÔPITAL LE BOCAGE CHRU DIJON,39,1.0
164,GHT CÔTE D'OR - HAUTE MARNE,CH D'IS-SUR-TILLE,CH ,X02 ,Hépato-Gastro-Entérologie ,HÔPITAL LE BOCAGE CHRU DIJON,11,1.0
165,GHT CÔTE D'OR - HAUTE MARNE,CENTRE MEDICAL LA GRANGE/MONT,PSPH/EBNL,C05,"Chir. majeure sur le thorax, l'app. respiratoire,
interventions sous thoracoscopie",HÔPITAL LE BOCAGE CHRU DIJON,14,1.0
166,GHT CÔTE D'OR - HAUTE MARNE,CH DE CHAUMONT,CH,X03 ,Neurologie médicale ,CH DE CHAUMONT,45,1.0
167,GHT CÔTE D'OR - HAUTE MARNE,CH DE CHAUMONT,CH,X06 ,Rhumatologie ,CH DE CHAUMONT,30,1.0
168,GHT CÔTE D'OR - HAUTE MARNE,CH DE CHAUMONT,CH,X08,Pneumologie ,CH DE CHAUMONT,24,1.0
169,GHT CÔTE D'OR - HAUTE MARNE,CH DE CHAUMONT,CH,X24,"Médecine inter spécialités, 
Autres symptômes ou motifs médicaux",CH DE CHAUMONT,24,1.0
170,GHT CÔTE D'OR - HAUTE MARNE,CH DE CHAUMONT,CH,X05 ,"
Traumatologie et ablation de matériel de l'appareil locomoteur",CH DE CHAUMONT,12,1.0
171,GHT CÔTE D'OR - HAUTE MARNE,CH DE CHAUMONT,CH,X20 ,Psychiatrie ,CH DE CHAUMONT,11,1.0
172,GHT CÔTE D'OR - HAUTE MARNE,CH DE LANGRES,CH ,X03 ,Neurologie médicale ,CH DE LANGRES,43,1.0
173,GHT CÔTE D'OR - HAUTE MARNE,CH DE LANGRES,CH ,X08,Pneumologie ,CH DE LANGRES,31,1.0
174,GHT CÔTE D'OR - HAUTE MARNE,CH DE LANGRES,CH ,X24,"Médecine inter spécialités, 
Autres symptômes ou motifs médicaux",CH DE LANGRES,25,1.0
175,GHT CÔTE D'OR - HAUTE MARNE,CH DE LANGRES,CH ,X07,Affections Cardio-vasculaires ,CH DE LANGRES,18,1.0
176,GHT CÔTE D'OR - HAUTE MARNE,CH DE LANGRES,CH ,X20 ,Psychiatrie ,CH DE LANGRES,17,1.0
177,GHT CÔTE D'OR - HAUTE MARNE,CH DE LANGRES,CH ,X12 ,Uro-Néphrologie médicale (hors Séances),CH DE LANGRES,14,1.0
178,GHT CÔTE D'OR - HAUTE MARNE,CH HCO SITE DE CHATILLON SUR SEINE,CH,X07 ,Affections Cardio-vasculaires ,CH HCO SITE DE CHATILLON SUR SEINE,14,1.0
179,GHT CÔTE D'OR - HAUTE MARNE,CH HCO SITE DE CHATILLON SUR SEINE,CH,C09 ,"Chir. majeure de l'app. Locomoteur:
 hanche, fémur, genou, épaule",CH ROBERT MORLEVAT,30,1.0
180,GHT CÔTE D'OR - HAUTE MARNE,CH HCO SITE DE MONTBARD,CH ,C04 ,"Chir. cardio-thoracique (hors transplant. d'organe), 
Pontages aorto-coronariens",HÔPITAL LE BOCAGE CHRU DIJON,12,1.0
181,GHT CÔTE D'OR - HAUTE MARNE,CH HCO SITE DE MONTBARD,CH ,X07 ,Affections Cardio-vasculaires ,CH HCO SITE DE MONTBARD,77,1.0
182,GHT CÔTE D'OR - HAUTE MARNE,CH HCO SITE DE MONTBARD,CH ,X08,Pneumologie ,CH HCO SITE DE MONTBARD,43,1.0
183,GHT CÔTE D'OR - HAUTE MARNE,CH HCO SITE DE MONTBARD,CH ,X03,Neurologie médicale ,CH HCO SITE DE MONTBARD,21,1.0
184,GHT CÔTE D'OR - HAUTE MARNE,CH HCO SITE DE MONTBARD,CH ,X06 ,Rhumatologie ,CH HCO SITE DE MONTBARD,22,1.0
185,GHT CÔTE D'OR - HAUTE MARNE,CH HCO SITE DE MONTBARD,CH ,X20 ,Psychiatrie ,CH HCO SITE DE MONTBARD,11,1.0
186,GHT CÔTE D'OR - HAUTE MARNE,CH HCO SITE DE MONTBARD,CH ,C09 ,"Chir. majeure de l'app. Locomoteur:
 hanche, fémur, genou, épaule",CH ROBERT MORLEVAT,57,1.0
187,GHT CÔTE D'OR - HAUTE MARNE,CH HCO SITE DE MONTBARD,CH ,X08 ,Pneumologie ,CH ROBERT MORLEVAT,50,1.0
188,GHT CÔTE D'OR - HAUTE MARNE,CH HCO SITE DE MONTBARD,CH ,X07,Affections Cardio-vasculaires ,CH ROBERT MORLEVAT,23,1.0
189,GHT CÔTE D'OR - HAUTE MARNE,CH HCO SITE DE MONTBARD,CH ,X03,Neurologie médicale ,CH ROBERT MORLEVAT,22,1.0
190,GHT CÔTE D'OR - HAUTE MARNE,CH HCO SITE DE MONTBARD,CH ,X12 ,Uro-Néphrologie médicale (hors Séances),CH ROBERT MORLEVAT,13,1.0
191,GHT CÔTE D'OR - HAUTE MARNE,CH HCO SITE DE SAULIEU,CH ,X06 ,Rhumatologie ,CH HCO SITE DE SAULIEU,15,1.0
192,GHT CÔTE D'OR - HAUTE MARNE,CH HCO SITE DE SAULIEU,CH ,X05 ,"
Traumatologie et ablation de matériel de l'appareil locomoteur",CH HCO SITE DE SAULIEU,15,1.0
193,GHT CÔTE D'OR - HAUTE MARNE,CH HCO SITE DE SAULIEU,CH ,X08,Pneumologie ,CH HCO SITE DE SAULIEU,11,1.0
194,GHT CÔTE D'OR - HAUTE MARNE,CH HCO SITE DE SAULIEU,CH ,X24,"Médecine inter spécialités, 
Autres symptômes ou motifs médicaux",CH HCO SITE DE SAULIEU,13,1.0
195,GHT CÔTE D'OR - HAUTE MARNE,CH HCO SITE DE SAULIEU,CH ,C09 ,"Chir. majeure de l'app. Locomoteur:
 hanche, fémur, genou, épaule",CH ROBERT MORLEVAT,26,1.0
196,GHT CÔTE D'OR - HAUTE MARNE,CH HCO SITE DE SAULIEU,CH ,X08 ,Pneumologie ,CH ROBERT MORLEVAT,18,1.0
197,GHT CÔTE D'OR - HAUTE MARNE,CH HCO SITE DE SAULIEU,CH ,X07,Affections Cardio-vasculaires ,CH ROBERT MORLEVAT,16,1.0
198,GHT SUD CÔTE-D'OR,HOSPICES CIVILS DE BEAUNE,CH,C09 ,"Chir. majeure de l'app. Locomoteur:
 hanche, fémur, genou, épaule",HOSPICES CIVILS DE BEAUNE,91,1.0
199,GHT SUD CÔTE-D'OR,HOSPICES CIVILS DE BEAUNE,CH,X03,Neurologie médicale,HOSPICES CIVILS DE BEAUNE,39,1.0
200,GHT SUD CÔTE-D'OR,HOSPICES CIVILS DE BEAUNE,CH,X07 ,Affections Cardio-vasculaires,HOSPICES CIVILS DE BEAUNE,34,1.0
201,GHT SUD CÔTE-D'OR,HOSPICES CIVILS DE BEAUNE,CH,X05,Traumatologie et ablation de matériel de l'appareil locomoteur,HOSPICES CIVILS DE BEAUNE,30,1.0
202,GHT SUD CÔTE-D'OR,HOSPICES CIVILS DE BEAUNE,CH,X08,Pneumologie ,HOSPICES CIVILS DE BEAUNE,28,1.0
203,GHT SUD CÔTE-D'OR,HOSPICES CIVILS DE BEAUNE,CH,X06,Rhumatologie ,HOSPICES CIVILS DE BEAUNE,32,1.0
204,GHT SUD CÔTE-D'OR,HOSPICES CIVILS DE BEAUNE,CH,X02,Hépato-Gastro-Entérologie,HOSPICES CIVILS DE BEAUNE,22,1.0
205,GHT SUD CÔTE-D'OR,HOSPICES CIVILS DE BEAUNE,CH,X12,Uro-Néphrologie médicale (hors Séances),HOSPICES CIVILS DE BEAUNE,18,1.0
206,GHT SUD CÔTE-D'OR,HOSPICES CIVILS DE BEAUNE,CH,X18,"Suivi thérap. d'affections connues, Allergologie,
 Rééducation, Convalescence",HOSPICES CIVILS DE BEAUNE,13,1.0
207,GHT SUD CÔTE-D'OR,HOSPICES CIVILS DE BEAUNE,CH,C11,"Chirurgies autres de l'appareil locomoteur, 
amputations",HOSPICES CIVILS DE BEAUNE,11,1.0
208,GHT BOURGOGNE MÉRIDIONALE,CH LES CHAUNAUX MACON,CH ,C09,"Chir. majeure de l'app. Locomoteur:
 hanche, fémur, genou, épaule",CH LES CHAUNAUX MACON,168,1.0
209,GHT BOURGOGNE MÉRIDIONALE,CH LES CHAUNAUX MACON,CH ,X08,Pneumologie ,CH LES CHAUNAUX MACON,69,1.0
210,GHT BOURGOGNE MÉRIDIONALE,CH LES CHAUNAUX MACON,CH ,X03,Neurologie médicale ,CH LES CHAUNAUX MACON,43,1.0
211,GHT BOURGOGNE MÉRIDIONALE,CH LES CHAUNAUX MACON,CH ,X06,Rhumatologie ,CH LES CHAUNAUX MACON,12,1.0
212,GHT BOURGOGNE MÉRIDIONALE,CH LES CHAUNAUX MACON,CH ,X07,Affection Cardio-vasculaires,CH LES CHAUNAUX MACON,13,1.0
213,GHT BOURGOGNE MÉRIDIONALE,CH LES CHAUNAUX MACON,CH ,X05,"
Traumatologie et ablation de matériel de l'appareil locomoteur",CH LES CHAUNAUX MACON,14,1.0
214,GHT BOURGOGNE MÉRIDIONALE,CH LES CHAUNAUX MACON,CH ,X02,Hépato-Gastro-Entérologie ,CH LES CHAUNAUX MACON,12,1.0
215,GHT BOURGOGNE MÉRIDIONALE,CH LES CHAUNAUX MACON,CH ,C11,"Chirurgies autres de l'appareil locomoteur, 
amputations",CH LES CHAUNAUX MACON,12,1.0
216,GHT BOURGOGNE MÉRIDIONALE,KORIAN LE TINAILLER,Privé ,C09,"Chir. majeure de l'app. Locomoteur:
 hanche, fémur, genou, épaule",CH LES CHAUNAUX MACON,85,1.0
217,GHT BOURGOGNE MÉRIDIONALE,KORIAN LE TINAILLER,Privé ,X08,Pneumologie ,CH LES CHAUNAUX MACON,31,1.0
218,GHT BOURGOGNE MÉRIDIONALE,KORIAN LE TINAILLER,Privé ,X03,Neurologie médicale ,CH LES CHAUNAUX MACON,23,1.0
219,GHT BOURGOGNE MÉRIDIONALE,KORIAN LE TINAILLER,Privé ,X06,Rhumatologie ,CH LES CHAUNAUX MACON,24,1.0
220,GHT BOURGOGNE MÉRIDIONALE,KORIAN LE TINAILLER,Privé ,X07,Affection Cardio-vasculaires,CH LES CHAUNAUX MACON,20,1.0
221,GHT BOURGOGNE MÉRIDIONALE,KORIAN LE TINAILLER,Privé ,X05,"
Traumatologie et ablation de matériel de l'appareil locomoteur",CH LES CHAUNAUX MACON,21,1.0
222,GHT BOURGOGNE MÉRIDIONALE,KORIAN LE TINAILLER,Privé ,C11,"Chirurgies autres de l'appareil locomoteur, 
amputations",CH LES CHAUNAUX MACON,13,1.0
223,GHT BOURGOGNE MÉRIDIONALE,KORIAN LE TINAILLER,Privé ,X16,"Affections et traumatismes de la peau, gelures",CH LES CHAUNAUX MACON,12,1.0
224,GHT BOURGOGNE MÉRIDIONALE,CH DU CLUNISOIS,CH ,C09,"Chir. majeure de l'app. Locomoteur:
 hanche, fémur, genou, épaule",CH LES CHAUNAUX MACON,39,1.0
225,GHT BOURGOGNE MÉRIDIONALE,CH DU CLUNISOIS,CH ,X08,Pneumologie ,CH LES CHAUNAUX MACON,20,1.0
226,GHT BOURGOGNE MÉRIDIONALE,CH DU CLUNISOIS,CH ,X03,Neurologie médicale ,CH LES CHAUNAUX MACON,18,1.0
227,GHT BOURGOGNE MÉRIDIONALE,CH DU CLUNISOIS,CH ,X06,Rhumatologie ,CH LES CHAUNAUX MACON,17,1.0
228,GHT BOURGOGNE MÉRIDIONALE,CH DU CLUNISOIS,CH ,X07,Affection Cardio-vasculaires,CH LES CHAUNAUX MACON,11,1.0
229,GHT BOURGOGNE MÉRIDIONALE,CH DU CLUNISOIS,CH ,X05,"
Traumatologie et ablation de matériel de l'appareil locomoteur",CH LES CHAUNAUX MACON,12,1.0
230,GHT BOURGOGNE MÉRIDIONALE,CH DU CLUNISOIS,CH ,X02,Hépato-Gastro-Entérologie ,CH LES CHAUNAUX MACON,11,1.0
231,GHT BOURGOGNE MÉRIDIONALE,CH DU CLUNISOIS,CH ,C11,"Chirurgies autres de l'appareil locomoteur, 
amputations",CH LES CHAUNAUX MACON,12,1.0
232,GHT BOURGOGNE MÉRIDIONALE,CHIC AIN VAL DE SAONE - PONT VEYLE,CH ,C09,"Chir. majeure de l'app. Locomoteur:
 hanche, fémur, genou, épaule",CH LES CHAUNAUX MACON,27,1.0
233,GHT BOURGOGNE MÉRIDIONALE,CHIC AIN VAL DE SAONE - PONT VEYLE,CH ,X08,Pneumologie ,CH LES CHAUNAUX MACON,16,1.0
234,GHT BOURGOGNE MÉRIDIONALE,CHIC AIN VAL DE SAONE - THOISSEY,CH ,C09,"Chir. majeure de l'app. Locomoteur:
 hanche, fémur, genou, épaule",CH LES CHAUNAUX MACON,26,1.0
235,GHT BOURGOGNE MÉRIDIONALE,CHIC AIN VAL DE SAONE - THOISSEY,CH ,X08,Pneumologie ,CH LES CHAUNAUX MACON,15,1.0
236,GHT BOURGOGNE MÉRIDIONALE,CHIC AIN VAL DE SAONE - THOISSEY,CH ,X06,Rhumatologie ,CH LES CHAUNAUX MACON,13,1.0
237,GHT BOURGOGNE MÉRIDIONALE,CHIC AIN VAL DE SAONE - THOISSEY,CH ,X07,Affection Cardio-vasculaires,CH LES CHAUNAUX MACON,16,1.0
238,GHT BOURGOGNE MÉRIDIONALE,CHIC AIN VAL DE SAONE - THOISSEY,CH ,X05,"
Traumatologie et ablation de matériel de l'appareil locomoteur",CH LES CHAUNAUX MACON,11,1.0
239,GHT BOURGOGNE MÉRIDIONALE,CHIC AIN VAL DE SAONE - THOISSEY,CH ,X02,Hépato-Gastro-Entérologie ,CH LES CHAUNAUX MACON,18,1.0
240,GHT BOURGOGNE MÉRIDIONALE,CH DE PONT DE VAUX,CH ,C09,"Chir. majeure de l'app. Locomoteur:
 hanche, fémur, genou, épaule",CH LES CHAUNAUX MACON,21,1.0
241,GHT BOURGOGNE MÉRIDIONALE,CH BELANY,CH ,C09,"Chir. majeure de l'app. Locomoteur:
 hanche, fémur, genou, épaule",CH LES CHAUNAUX MACON,20,1.0
242,GHT BOURGOGNE MÉRIDIONALE,CH BELANY,CH ,X07,Affection Cardio-vasculaires,CH LES CHAUNAUX MACON,11,1.0
243,GHT BOURGOGNE MÉRIDIONALE,CH BELANY,CH ,X20 ,Psychiatrie ,CH BELNAY,25,1.0
244,GHT BOURGOGNE MÉRIDIONALE,CH BELANY,CH ,X08,Pneumologie ,CH BELNAY,22,1.0
245,GHT BOURGOGNE MÉRIDIONALE,CH BELANY,CH ,X24,"Médecine inter spécialités, 
Autres symptômes ou motifs médicaux",CH BELNAY,19,1.0
246,GHT BOURGOGNE MÉRIDIONALE,CH ALIGRE BOURBON LANCY,CH ,X06,Rhumatologie ,CH ALIGRE BOURBON LANCY,17,1.0
247,GHT BOURGOGNE MÉRIDIONALE,CH ALIGRE BOURBON LANCY,CH ,X05,"
Traumatologie et ablation de matériel de l'appareil locomoteur",CH ALIGRE BOURBON LANCY,17,1.0
248,GHT BOURGOGNE MÉRIDIONALE,CH ALIGRE BOURBON LANCY,CH ,X03,Neurologie médicale ,CH ALIGRE BOURBON LANCY,11,1.0
249,GHT BOURGOGNE MÉRIDIONALE,CH DU PAYS CHAROLAIS BRIONNAIS,CH ,C09,"Chir. majeure de l'app. Locomoteur:
 hanche, fémur, genou, épaule",CH DU PAYS CHAROLAIS BRIONNAIS,70,1.0
250,GHT BOURGOGNE MÉRIDIONALE,CH DU PAYS CHAROLAIS BRIONNAIS,CH ,X08,Pneumologie ,CH DU PAYS CHAROLAIS BRIONNAIS,72,1.0
251,GHT BOURGOGNE MÉRIDIONALE,CH DU PAYS CHAROLAIS BRIONNAIS,CH ,X07,Affection Cardio-vasculaires,CH DU PAYS CHAROLAIS BRIONNAIS,66,1.0
252,GHT BOURGOGNE MÉRIDIONALE,CH DU PAYS CHAROLAIS BRIONNAIS,CH ,X03,Neurologie médicale ,CH DU PAYS CHAROLAIS BRIONNAIS,49,1.0
253,GHT BOURGOGNE MÉRIDIONALE,CH DU PAYS CHAROLAIS BRIONNAIS,CH ,X06,Rhumatologie ,CH DU PAYS CHAROLAIS BRIONNAIS,61,1.0
254,GHT BOURGOGNE MÉRIDIONALE,CH DU PAYS CHAROLAIS BRIONNAIS,CH ,X05,"
Traumatologie et ablation de matériel de l'appareil locomoteur",CH DU PAYS CHAROLAIS BRIONNAIS,43,1.0
255,GHT BOURGOGNE MÉRIDIONALE,CH DU PAYS CHAROLAIS BRIONNAIS,CH ,X02,Hépato-Gastro-Entérologie ,CH DU PAYS CHAROLAIS BRIONNAIS,48,1.0
256,GHT BOURGOGNE MÉRIDIONALE,CH DU PAYS CHAROLAIS BRIONNAIS,CH ,X20 ,Psychiatrie ,CH DU PAYS CHAROLAIS BRIONNAIS,38,1.0
257,GHT BOURGOGNE MÉRIDIONALE,CH DU PAYS CHAROLAIS BRIONNAIS,CH ,X24,"Médecine inter spécialités, 
Autres symptômes ou motifs médicaux",CH DU PAYS CHAROLAIS BRIONNAIS,30,1.0
258,GHT BOURGOGNE MÉRIDIONALE,CH DU PAYS CHAROLAIS BRIONNAIS,CH ,C11,"Chirurgies autres de l'appareil locomoteur, 
amputations",CH DU PAYS CHAROLAIS BRIONNAIS,16,1.0
259,GHT BOURGOGNE MÉRIDIONALE,CH DU PAYS CHAROLAIS BRIONNAIS,CH ,X12,Uro-Néphrologie médicale (hors Séances),CH DU PAYS CHAROLAIS BRIONNAIS,28,1.0
260,GHT BOURGOGNE MÉRIDIONALE,CH DU PAYS CHAROLAIS BRIONNAIS,CH ,X18,"Affections et traumatismes de la peau, gelures",CH DU PAYS CHAROLAIS BRIONNAIS,27,1.0
261,GHT BOURGOGNE MÉRIDIONALE,CH DU PAYS CHAROLAIS BRIONNAIS,CH ,C06,"Chir. Digestive majeure : oesophage, 
estomac, grêle, côlon, rectum",CH DU PAYS CHAROLAIS BRIONNAIS,18,1.0
262,GHT BOURGOGNE MÉRIDIONALE,CH DU PAYS CHAROLAIS BRIONNAIS,CH ,X14,"Maladies immunitaires, du Sang, des Organes 
hématopoïétiques, Tumeurs SID",CH DU PAYS CHAROLAIS BRIONNAIS,16,1.0
263,GHT BOURGOGNE MÉRIDIONALE,CH DU PAYS CHAROLAIS BRIONNAIS,CH ,X04,"Commotions cérébrales, Traumatismes crâniens",CH DU PAYS CHAROLAIS BRIONNAIS,14,1.0
264,GHT BOURGOGNE MÉRIDIONALE,CH DU PAYS CHAROLAIS BRIONNAIS,CH ,X22,Douleur et soins palliatifs,CH DU PAYS CHAROLAIS BRIONNAIS,16,1.0
265,GHT BOURGOGNE MÉRIDIONALE,CH DU PAYS CHAROLAIS BRIONNAIS,CH ,X09 ,"ORL, Stomato ",CH DU PAYS CHAROLAIS BRIONNAIS,11,1.0
266,GHT BOURGOGNE MÉRIDIONALE,CH PAYS CHAROLAIS BRIONNAIS CHAROLLES,CH ,C09,"Chir. majeure de l'app. Locomoteur:
 hanche, fémur, genou, épaule",CH DU PAYS CHAROLAIS BRIONNAIS,49,1.0
267,GHT BOURGOGNE MÉRIDIONALE,CH PAYS CHAROLAIS BRIONNAIS CHAROLLES,CH ,X08,Pneumologie ,CH DU PAYS CHAROLAIS BRIONNAIS,43,1.0
268,GHT BOURGOGNE MÉRIDIONALE,CH PAYS CHAROLAIS BRIONNAIS CHAROLLES,CH ,X07,Affection Cardio-vasculaires,CH DU PAYS CHAROLAIS BRIONNAIS,18,1.0
269,GHT BOURGOGNE MÉRIDIONALE,CH PAYS CHAROLAIS BRIONNAIS CHAROLLES,CH ,X03,Neurologie médicale ,CH DU PAYS CHAROLAIS BRIONNAIS,24,1.0
270,GHT BOURGOGNE MÉRIDIONALE,CH PAYS CHAROLAIS BRIONNAIS CHAROLLES,CH ,X06,Rhumatologie ,CH DU PAYS CHAROLAIS BRIONNAIS,14,1.0
271,GHT BOURGOGNE MÉRIDIONALE,CH PAYS CHAROLAIS BRIONNAIS CHAROLLES,CH ,X05,"
Traumatologie et ablation de matériel de l'appareil locomoteur",CH DU PAYS CHAROLAIS BRIONNAIS,18,1.0
272,GHT BOURGOGNE MÉRIDIONALE,CH PAYS CHAROLAIS BRIONNAIS CHAROLLES,CH ,X02,Hépato-Gastro-Entérologie ,CH DU PAYS CHAROLAIS BRIONNAIS,15,1.0
273,GHT BOURGOGNE MÉRIDIONALE,CRF LES BOURBONNAIS,PSPH/EBNL,C09,"Chir. majeure de l'app. Locomoteur:
 hanche, fémur, genou, épaule",CH DU PAYS CHAROLAIS BRIONNAIS,31,1.0
274,GHT BOURGOGNE MÉRIDIONALE,CRF LES BOURBONNAIS,PSPH/EBNL,X03,Neurologie médicale ,CH DU PAYS CHAROLAIS BRIONNAIS,11,1.0
275,GHT BOURGOGNE MÉRIDIONALE,CENTRE SSR DU CHALONNAIS,Privé ,C07,Chir. Viscérale,CH DU PAYS CHAROLAIS BRIONNAIS,24,1.0
276,GHT DE LA NIÈVRE,CH COSNE COURS SUR LOIRE,CH,X08,Pneumologie ,CH COSNE COURS SUR LOIRE,21,1.0
277,GHT DE LA NIÈVRE,CH COSNE COURS SUR LOIRE,CH,X03,Neurologie ,CH COSNE COURS SUR LOIRE,14,1.0
278,GHT DE LA NIÈVRE,CH COSNE COURS SUR LOIRE,CH,C09,"Chir. majeure de l'app. Locomoteur:
 hanche, fémur, genou, épaule",HÔPITAL PIERRE BEREGOVOY,12,1.0
279,GHT DE LA NIÈVRE,CH DECIZE,CH,X20 ,Psychiatrie ,CH DECIZE,36,1.0
280,GHT DE LA NIÈVRE,CH DECIZE,CH,X07,Affections Cardio-vasculaires ,CH DECIZE,24,1.0
281,GHT DE LA NIÈVRE,CH DECIZE,CH,X06,Rhumatologie ,CH DECIZE,28,1.0
282,GHT DE LA NIÈVRE,CH DECIZE,CH,X03,Neurologie médicale ,CH DECIZE,13,1.0
283,GHT DE LA NIÈVRE,CH DECIZE,CH,X08,Pneumologie ,CH DECIZE,19,1.0
284,GHT DE LA NIÈVRE,CH DECIZE,CH,X15,"Diabète, Maladies métaboliques,
 Endocrinologie (hors complications)",CH DECIZE,18,1.0
285,GHT DE LA NIÈVRE,CH DECIZE,CH,C09,"Chir. majeure de l'app. Locomoteur:
 hanche, fémur, genou, épaule",HÔPITAL PIERRE BEREGOVOY,19,1.0
286,GHT DE LA NIÈVRE,CENTRE MÉDICAL DE LA VENERIE,Privé,X21,"Effets nocifs, alcool, toxicologie, allergies",CH DECIZE,17,1.0
287,GHT DE LA NIÈVRE,CENTRE MÉDICAL DE LA VENERIE,Privé,C09,"Chir. majeure de l'app. Locomoteur:
 hanche, fémur, genou, épaule",HÔPITAL PIERRE BEREGOVOY,56,1.0
288,GHT DE LA NIÈVRE,CENTRE MÉDICAL DE LA VENERIE,Privé,X08,Pneumologie ,HÔPITAL PIERRE BEREGOVOY,11,1.0
289,GHT DE LA NIÈVRE,CENTRE MÉDICAL DE LA VENERIE,Privé,X07,Affections Cardio-vasculaires ,HÔPITAL PIERRE BEREGOVOY,28,1.0
290,GHT DE LA NIÈVRE,CENTRE MÉDICAL DE LA VENERIE,Privé,X02,Hépato-Gastro-Entérologie ,HÔPITAL PIERRE BEREGOVOY,13,1.0
291,GHT DE LA NIÈVRE,CENTRE MÉDICAL DE LA VENERIE,Privé,C11,"Chirurgies autres de l'appareil locomoteur, 
amputations",HÔPITAL PIERRE BEREGOVOY,16,1.0
292,GHT DE LA NIÈVRE,CENTRE MÉDICAL DE LA VENERIE,Privé,X05 ,"
Traumatologie et ablation de matériel de l'appareil locomoteur",HÔPITAL PIERRE BEREGOVOY,13,1.0
293,GHT DE LA NIÈVRE,CENTRE MÉDICAL DE LA VENERIE,Privé,X21,"Effets nocifs, alcool, toxicologie, allergies",HÔPITAL PIERRE BEREGOVOY,13,1.0
294,GHT DE LA NIÈVRE,CENTRE MÉDICAL DE LA VENERIE,Privé,K05,"Cathétérismes vasculaires diagnostiques
 et interventionnels",HÔPITAL PIERRE BEREGOVOY,13,1.0
295,GHT DE LA NIÈVRE,CLINEA,Privé,C09,"Chir. majeure de l'app. Locomoteur:
 hanche, fémur, genou, épaule",HÔPITAL PIERRE BEREGOVOY,92,1.0
296,GHT DE LA NIÈVRE,CLINEA,Privé,X03,Neurologie médicale ,HÔPITAL PIERRE BEREGOVOY,14,1.0
297,GHT DE LA NIÈVRE,CLINEA,Privé,X08,Pneumologie ,HÔPITAL PIERRE BEREGOVOY,41,1.0
298,GHT DE LA NIÈVRE,CLINEA,Privé,X07,Affections Cardio-vasculaires ,HÔPITAL PIERRE BEREGOVOY,25,1.0
299,GHT DE LA NIÈVRE,CLINEA,Privé,X02,Hépato-Gastro-Entérologie ,HÔPITAL PIERRE BEREGOVOY,16,1.0
300,GHT DE LA NIÈVRE,CLINEA,Privé,C11,"Chirurgies autres de l'appareil locomoteur, 
amputations",HÔPITAL PIERRE BEREGOVOY,14,1.0
301,GHT DE LA NIÈVRE,CLINEA,Privé,X06,Rhumatologie ,HÔPITAL PIERRE BEREGOVOY,21,1.0
302,GHT DE LA NIÈVRE,CLINEA,Privé,X05 ,"
Traumatologie et ablation de matériel de l'appareil locomoteur",HÔPITAL PIERRE BEREGOVOY,16,1.0
303,GHT DE LA NIÈVRE,CLINEA,Privé,X16,"Affections et traumatismes de la peau, gelures",HÔPITAL PIERRE BEREGOVOY,11,1.0
304,GHT DE LA NIÈVRE,CRF PASORI,Privé ,C09,"Chir. majeure de l'app. Locomoteur:
 hanche, fémur, genou, épaule",HÔPITAL PIERRE BEREGOVOY,33,1.0
305,GHT DE LA NIÈVRE,CRF PASORI,Privé ,X03,Neurologie médicale ,HÔPITAL PIERRE BEREGOVOY,32,1.0
306,GHT DE LA NIÈVRE,CRF PASORI,Privé ,C11,"Chirurgies autres de l'appareil locomoteur, 
amputations",HÔPITAL PIERRE BEREGOVOY,19,1.0
307,GHT DE LA NIÈVRE,CENTRE COLBERT MEDECINE ET SSR,CH,C09,"Chir. majeure de l'app. Locomoteur:
 hanche, fémur, genou, épaule",HÔPITAL PIERRE BEREGOVOY,23,1.0
308,GHT DE LA NIÈVRE,CENTRE COLBERT MEDECINE ET SSR,CH,X03,Neurologie médicale ,HÔPITAL PIERRE BEREGOVOY,14,1.0
309,GHT DE LA NIÈVRE,CENTRE COLBERT MEDECINE ET SSR,CH,X08,Pneumologie ,HÔPITAL PIERRE BEREGOVOY,27,1.0
310,GHT DE LA NIÈVRE,CENTRE COLBERT MEDECINE ET SSR,CH,X07,Affections Cardio-vasculaires ,HÔPITAL PIERRE BEREGOVOY,18,1.0
311,GHT DE LA NIÈVRE,CENTRE COLBERT MEDECINE ET SSR,CH,X02,Hépato-Gastro-Entérologie ,HÔPITAL PIERRE BEREGOVOY,20,1.0
312,GHT DE LA NIÈVRE,CENTRE COLBERT MEDECINE ET SSR,CH,X20 ,Psychiatrie ,CENTRE COLBERT MEDECINE ET SSR,19,1.0
313,GHT DE LA NIÈVRE,CENTRE COLBERT MEDECINE ET SSR,CH,X06,Rhumatologie ,CENTRE COLBERT MEDECINE ET SSR,16,1.0
314,GHT DE LA NIÈVRE,LE RECONFORT,Privé ,C09,"Chir. majeure de l'app. Locomoteur:
 hanche, fémur, genou, épaule",HÔPITAL PIERRE BEREGOVOY,14,1.0
315,GHT DE LA NIÈVRE,HÔPITAL PIERRE BEREGOVOY,CH ,X03,Neurologie médicale ,HÔPITAL PIERRE BEREGOVOY,54,1.0
316,GHT DE LA NIÈVRE,INSTITUT MEDICAL DE SOLOGNE,Privé ,X18,"Suivi thérap. d'affections connues, Allergologie,
 Rééducation, Convalescence",HÔPITAL PIERRE BEREGOVOY,19,1.0
317,GHT DE LA NIÈVRE,CH CHATEAU-CHINON,CH,X05 ,"
Traumatologie et ablation de matériel de l'appareil locomoteur",CH CHATEAU-CHINON,11,1.0
318,GHT  NORD-YONNE,CROIX ROUGE FRANCAISE MIGENNES,PSPH/EBNL,C09 ,"Chir. majeure de l'app. Locomoteur:
 hanche, fémur, genou, épaule",CH SENS,60,1.0
319,GHT  NORD-YONNE,CROIX ROUGE FRANCAISE MIGENNES,PSPH/EBNL,C11,"Chirurgies autres de l'appareil locomoteur, 
amputations",CH SENS,11,1.0
320,GHT  NORD-YONNE,HL R BONNION VILLENEUVE-SUR-YONNE,CH ,C09 ,"Chir. majeure de l'app. Locomoteur:
 hanche, fémur, genou, épaule",CH SENS,42,1.0
321,GHT  NORD-YONNE,HL R BONNION VILLENEUVE-SUR-YONNE,CH ,X08 ,Pneumologie ,CH SENS,22,1.0
322,GHT  NORD-YONNE,HL R BONNION VILLENEUVE-SUR-YONNE,CH ,X07 ,Affections Cardio-vasculaires ,CH SENS,16,1.0
323,GHT  NORD-YONNE,HL R BONNION VILLENEUVE-SUR-YONNE,CH ,X06,Rhumatologie ,CH SENS,13,1.0
324,GHT  NORD-YONNE,HL R BONNION VILLENEUVE-SUR-YONNE,CH ,X02 ,Hépato-Gastro-Entérologie ,CH SENS,11,1.0
325,GHT  NORD-YONNE,MOYEN SEJOUR CH SENS,CH ,C09 ,"Chir. majeure de l'app. Locomoteur:
 hanche, fémur, genou, épaule",CH SENS,25,1.0
326,GHT  NORD-YONNE,MOYEN SEJOUR CH SENS,CH ,X08 ,Pneumologie ,CH SENS,66,1.0
327,GHT  NORD-YONNE,MOYEN SEJOUR CH SENS,CH ,X03,Neurologie médicale,CH SENS,24,1.0
328,GHT  NORD-YONNE,MOYEN SEJOUR CH SENS,CH ,X07 ,Affections Cardio-vasculaires ,CH SENS,19,1.0
329,GHT  NORD-YONNE,MOYEN SEJOUR CH SENS,CH ,X06,Rhumatologie ,CH SENS,21,1.0
330,GHT  NORD-YONNE,MOYEN SEJOUR CH SENS,CH ,X20 ,Psychiatrie ,CH SENS,35,1.0
331,GHT  NORD-YONNE,MOYEN SEJOUR CH SENS,CH ,X02 ,Hépato-Gastro-Entérologie ,CH SENS,12,1.0
332,GHT  NORD-YONNE,MOYEN SEJOUR CH SENS,CH ,X05 ,"
Traumatologie et ablation de matériel de l'appareil locomoteur",CH SENS,13,1.0
333,GHT  NORD-YONNE,MOYEN SEJOUR CH SENS,CH ,X12,Uro-Néphrologie médicale (hors Séances),CH SENS,18,1.0
334,GHT  NORD-YONNE,MOYEN SEJOUR CH SENS,CH ,X16,"Affections et traumatismes de la peau, gelures",CH SENS,14,1.0
335,GHT  NORD-YONNE,CRF INSTITUT ASCLEPIADE,Privé ,C09 ,"Chir. majeure de l'app. Locomoteur:
 hanche, fémur, genou, épaule",CH SENS,22,1.0
336,GHT  NORD-YONNE,CRF INSTITUT ASCLEPIADE,Privé ,X03,Neurologie médicale,CH SENS,12,1.0
337,GHT  NORD-YONNE,MAISON DE REPOS STE COLOMBE,Privé ,C09 ,"Chir. majeure de l'app. Locomoteur:
 hanche, fémur, genou, épaule",CH SENS,20,1.0
338,GHT  NORD-YONNE,MAISON DE REPOS STE COLOMBE,Privé ,X08 ,Pneumologie ,CH SENS,23,1.0
339,GHT  NORD-YONNE,MAISON DE REPOS STE COLOMBE,Privé ,X03,Neurologie médicale,CH SENS,19,1.0
340,GHT  NORD-YONNE,MAISON DE REPOS STE COLOMBE,Privé ,X07 ,Affections Cardio-vasculaires ,CH SENS,25,1.0
341,GHT  NORD-YONNE,MAISON DE REPOS STE COLOMBE,Privé ,X06,Rhumatologie ,CH SENS,22,1.0
342,GHT  NORD-YONNE,MAISON DE REPOS STE COLOMBE,Privé ,X20 ,Psychiatrie ,CH SENS,11,1.0
343,GHT  NORD-YONNE,MAISON DE REPOS STE COLOMBE,Privé ,X02 ,Hépato-Gastro-Entérologie ,CH SENS,19,1.0
344,GHT  NORD-YONNE,MAISON DE REPOS STE COLOMBE,Privé ,C11,"Chirurgies autres de l'appareil locomoteur, 
amputations",CH SENS,12,1.0
345,GHT  NORD-YONNE,MAISON DE REPOS STE COLOMBE,Privé ,X05 ,"
Traumatologie et ablation de matériel de l'appareil locomoteur",CH SENS,16,1.0
346,GHT  NORD-YONNE,MAISON DE REPOS STE COLOMBE,Privé ,X12,Uro-Néphrologie médicale (hors Séances),CH SENS,15,1.0
347,GHT  NORD-YONNE,CH DU TONNEROIS,CH ,C09 ,"Chir. majeure de l'app. Locomoteur:
 hanche, fémur, genou, épaule",CH SENS,18,1.0
348,GHT  NORD-YONNE,CH JOIGNY,CH ,C09 ,"Chir. majeure de l'app. Locomoteur:
 hanche, fémur, genou, épaule",CH SENS,21,1.0
349,GHT  NORD-YONNE,CH JOIGNY,CH ,X08 ,Pneumologie ,CH JOIGNY,19,1.0
350,GHT  NORD-YONNE,CH JOIGNY,CH ,X07 ,Affections Cardio-vasculaires ,CH JOIGNY,31,1.0
351,GHT  NORD-YONNE,CH JOIGNY,CH ,X06,Rhumatologie ,CH JOIGNY,21,1.0
352,GHT  NORD-YONNE,CH JOIGNY,CH ,X03,Neurologie médicale,CH JOIGNY,16,1.0
353,GHT  NORD-YONNE,ÉTABLISSEMENT SOINS DE SUITE LE PETIT PIEN,Privé ,X03,Neurologie médicale,CH SENS,11,1.0
354,GHT  NORD-YONNE,ÉTABLISSEMENT SOINS DE SUITE LE PETIT PIEN,Privé ,X08 ,Pneumologie ,CH JOIGNY,27,1.0
355,GHT  NORD-YONNE,ÉTABLISSEMENT SOINS DE SUITE LE PETIT PIEN,Privé ,X06,Rhumatologie ,CH JOIGNY,11,1.0
356,NONE,CENTRE ORTHOPEDIQUE MEDICO-CHIR,Privé,C09 ,"Chir. majeure de l'app. Locomoteur:
 hanche, fémur, genou, épaule",CENTRE ORTHOPEDIQUE MEDICO-CHIR,376,0.0
357,NONE,CENTRE ORTHOPEDIQUE MEDICO-CHIR,Privé,C10 ,"Arthroscopies, Biopsies ostéo-articulaires",CENTRE ORTHOPEDIQUE MEDICO-CHIR,69,0.0
358,NONE,CENTRE ORTHOPEDIQUE MEDICO-CHIR,Privé,C11,"Chirurgies autres de l'appareil locomoteur, amputations",CENTRE ORTHOPEDIQUE MEDICO-CHIR,33,0.0
359,NONE,CENTRE ORTHOPEDIQUE MEDICO-CHIR,Privé,X06,Rhumatologie,CENTRE ORTHOPEDIQUE MEDICO-CHIR,11,0.0
360,NONE,POLYCLINIQUE STE MARGUERITE,Privé,C09 ,"Chir. majeure de l'app. Locomoteur:
 hanche, fémur, genou, épaule",POLYCLINIQUE STE MARGUERITE,106,0.0
361,NONE,POLYCLINIQUE STE MARGUERITE,Privé,C11,"Chirurgies autres de l'appareil locomoteur, amputations",POLYCLINIQUE STE MARGUERITE,19,0.0
362,NONE,CH DU TONNERROIS,CH,C09 ,"Chir. majeure de l'app. Locomoteur:
 hanche, fémur, genou, épaule",POLYCLINIQUE STE MARGUERITE,14,0.0
363,NONE,CH DU TONNERROIS,CH,C09 ,"Chir. majeure de l'app. Locomoteur:
 hanche, fémur, genou, épaule",HOPITAL PRIVE DIJON BOURGOGNE,23,0.0
364,NONE,CH DU TONNERROIS,CH,C02,"Chirurgie du rachis, Neuro-chirurgie",HOPITAL PRIVE DIJON BOURGOGNE,28,0.0
365,NONE,ÉTABLISSEMENT SOINS DE SUITE LE PETIT PIEN,Privé,C09 ,"Chir. majeure de l'app. Locomoteur:
 hanche, fémur, genou, épaule",POLYCLINIQUE STE MARGUERITE,12,0.0
366,NONE,KORIAN LE TINAILLER,Privé,C09 ,"Chir. majeure de l'app. Locomoteur:
 hanche, fémur, genou, épaule",HOPITAL PRIVE SAINTE MARIE,44,0.0
367,NONE,KORIAN LE TINAILLER,Privé,C10 ,"Arthroscopies, Biopsies ostéo-articulaires",HOPITAL PRIVE SAINTE MARIE,28,0.0
368,NONE,KORIAN LE TINAILLER,Privé,C09 ,"Chir. majeure de l'app. Locomoteur:
 hanche, fémur, genou, épaule",POLYCLINIQUE DU VAL DE SAONE,15,0.0
369,NONE,HÔPITAL PRIVÉ SAINTE MARIE,Privé,X22,Douleur et soins palliatifs ,HOPITAL PRIVE SAINTE MARIE,21,0.0
370,NONE,HÔPITAL PRIVÉ SAINTE MARIE,Privé,X08,Pneumologie ,HOPITAL PRIVE SAINTE MARIE,13,0.0
371,NONE,HÔPITAL PRIVÉ SAINTE MARIE,Privé,X24,"Médecine inter spécialités, Autres symptômes ou motifs médicaux",HOPITAL PRIVE SAINTE MARIE,14,0.0
372,NONE,HÔPITAL PRIVÉ SAINTE MARIE,Privé,X07 ,Affection cardio-vasculaire ,HOPITAL PRIVE SAINTE MARIE,12,0.0
373,NONE,POLYCLINIQUE DU VAL DE SAONE,Privé,C09 ,"Chir. majeure de l'app. Locomoteur:
 hanche, fémur, genou, épaule",POLYCLINIQUE DU VAL DE SAONE,94,0.0
374,NONE,POLYCLINIQUE DU VAL DE SAONE,Privé,C02,"Chirurgie du rachis, Neuro-chirurgie",POLYCLINIQUE DU VAL DE SAONE,32,0.0
375,NONE,POLYCLINIQUE DU VAL DE SAONE,Privé,C06,"Chir. Digestive majeure : oesophage, estomac, grêle, côlon, rectum",POLYCLINIQUE DU VAL DE SAONE,15,0.0
376,NONE,POLYCLINIQUE DU VAL DE SAONE,Privé,C07,"Chir. Viscérale autre : rate, grêle, colon, proctologie, hernies",POLYCLINIQUE DU VAL DE SAONE,14,0.0
377,NONE,CRF PASORI,Privé,C09 ,"Chir. majeure de l'app. Locomoteur:
 hanche, fémur, genou, épaule",POLYCLINIQUE DU VAL DE LOIRE,68,0.0
378,NONE,CLINEA,Privé,C09 ,"Chir. majeure de l'app. Locomoteur:
 hanche, fémur, genou, épaule",POLYCLINIQUE DU VAL DE LOIRE,63,0.0
379,NONE,CLINEA,Privé,X22,Douleur et soins palliatifs ,POLYCLINIQUE DU VAL DE LOIRE,28,0.0
380,NONE,CRF DIVIO,Privé,C09 ,"Chir. majeure de l'app. Locomoteur:
 hanche, fémur, genou, épaule",POLYCLINIQUE DU PARC DREVON,12,0.0
381,NONE,CRF DIVIO,Privé,C09 ,"Chir. majeure de l'app. Locomoteur:
 hanche, fémur, genou, épaule",HOPITAL PRIVE DIJON BOURGOGNE,141,0.0
382,NONE,C.R.B. LES ROSIERS,Privé,C09 ,"Chir. majeure de l'app. Locomoteur:
 hanche, fémur, genou, épaule",POLYCLINIQUE DU PARC DREVON,11,0.0
383,NONE,C.R.B. LES ROSIERS,Privé,C09 ,"Chir. majeure de l'app. Locomoteur:
 hanche, fémur, genou, épaule",HOPITAL PRIVE DIJON BOURGOGNE,269,0.0
384,NONE,C.R.B. LES ROSIERS,Privé,C02,"Chirurgie du rachis, Neuro-chirurgie",HOPITAL PRIVE DIJON BOURGOGNE,17,0.0
385,NONE,C.R.B. LES ROSIERS,Privé,C11,"Chirurgies autres de l'appareil locomoteur, amputations",HOPITAL PRIVE DIJON BOURGOGNE,26,0.0
386,NONE,C.R.B. LES ROSIERS,Privé,C10 ,"Arthroscopies, Biopsies ostéo-articulaires",HOPITAL PRIVE DIJON BOURGOGNE,30,0.0
387,NONE,SSR EDITH CAVELL,Privé,X08,Pneumologie ,CLINIQUE MEDICO-CHIRURGICALE,20,0.0
388,NONE,SSR EDITH CAVELL,Privé,C09 ,"Chir. majeure de l'app. Locomoteur:
 hanche, fémur, genou, épaule",CLINIQUE MEDICO-CHIRURGICALE,13,0.0
389,NONE,SSR EDITH CAVELL,Privé,C07,"Chir. Viscérale autre : rate, grêle, colon, proctologie, hernies",CLINIQUE MEDICO-CHIRURGICALE,16,0.0
390,NONE,SSR EDITH CAVELL,Privé,X02,Hépato-Gastro-Entérologie,CLINIQUE MEDICO-CHIRURGICALE,13,0.0
391,NONE,SSR EDITH CAVELL,Privé,C19,Chirurgie Urologique,CLINIQUE MEDICO-CHIRURGICALE,11,0.0
392,NONE,SSR EDITH CAVELL,Privé,X03,Neurologie médicale,CLINIQUE MEDICO-CHIRURGICALE,11,0.0
393,NONE,SSR EDITH CAVELL,Privé,C09 ,"Chir. majeure de l'app. Locomoteur:
 hanche, fémur, genou, épaule",HOPITAL PRIVE DIJON BOURGOGNE,44,0.0
394,NONE,CLINIQUE DU MORVAN SA,Privé,C09 ,"Chir. majeure de l'app. Locomoteur:
 hanche, fémur, genou, épaule",CLINIQUE DU PARC,55,0.0
395,NONE,CH LES MARRONNIERS,CH,C09 ,"Chir. majeure de l'app. Locomoteur:
 hanche, fémur, genou, épaule",CLINIQUE DU PARC,32,0.0
396,NONE,CRF LE BOURBONNAIS,PSPH/EBNL,C09 ,"Chir. majeure de l'app. Locomoteur:
 hanche, fémur, genou, épaule",CLINIQUE DU PARC,12,0.0
397,NONE,CRF LE BOURBONNAIS,PSPH/EBNL,C02,"Chirurgie du rachis, Neuro-chirurgie",HOPITAL PRIVE DIJON BOURGOGNE,11,0.0
398,NONE,CMPR L'A.D.A.P.T. LOIRET,PSPH/EBNL,C09 ,"Chir. majeure de l'app. Locomoteur:
 hanche, fémur, genou, épaule",CLINIQUE PAUL PIQUET,36,0.0
399,NONE,CROIX ROUGE FRANCAISE MIGENNES,PSPH/EBNL,C09 ,"Chir. majeure de l'app. Locomoteur:
 hanche, fémur, genou, épaule",CLINIQUE PAUL PIQUET,23,0.0
400,NONE,CRF INSTITUT ASCLEPIADE,Privé,C09 ,"Chir. majeure de l'app. Locomoteur:
 hanche, fémur, genou, épaule",CLINIQUE PAUL PIQUET,12,0.0
401,NONE,CENTRE DE CONVALESCENCE,Privé,C09 ,"Chir. majeure de l'app. Locomoteur:
 hanche, fémur, genou, épaule",HOPITAL PRIVE DIJON BOURGOGNE,33,0.0
402,NONE,CENTRE DE CONVALESCENCE,Privé,C02,"Chirurgie du rachis, Neuro-chirurgie",HOPITAL PRIVE DIJON BOURGOGNE,16,0.0
403,NONE,CH HCO SITE DE MONTBARD,CH,C09 ,"Chir. majeure de l'app. Locomoteur:
 hanche, fémur, genou, épaule",HOPITAL PRIVE DIJON BOURGOGNE,16,0.0
404,NONE,CENTRE SSR DU CHALONNAIS,Privé,C07,"Chir. Viscérale autre : rate, grêle, colon, proctologie, hernies",HOPITAL PRIVE DIJON BOURGOGNE,25,0.0
405,NONE,SA MAISON DE JOUVENCE,Privé,X23,Chimiothérapie (hors séances),CENTRE GEORGE-FRANCOIS LECLERC,21,0.0
406,NONE,HOTEL-DIEU DU CREUSOT,PSPH/EBNL,C09 ,"Chir. majeure de l'app. Locomoteur:
 hanche, fémur, genou, épaule",HOTEL-DIEU DU CREUSOT,24,0.0
407,NONE,HOTEL-DIEU DU CREUSOT,PSPH/EBNL,X08,Pneumologie ,HOTEL-DIEU DU CREUSOT,22,0.0
408,NONE,HOTEL-DIEU DU CREUSOT,PSPH/EBNL,X05,Traumatologie et ablation de matériel de l'appareil locomoteur,HOTEL-DIEU DU CREUSOT,19,0.0
409,NONE,HOTEL-DIEU DU CREUSOT,PSPH/EBNL,X06,Rhumatologie ,HOTEL-DIEU DU CREUSOT,19,0.0
410,NONE,HOTEL-DIEU DU CREUSOT,PSPH/EBNL,X07 ,Affection cardio-vasculaire ,HOTEL-DIEU DU CREUSOT,19,0.0
411,NONE,HOTEL-DIEU DU CREUSOT,PSPH/EBNL,X03,Neurologie médicale,HOTEL-DIEU DU CREUSOT,11,0.0
412,NONE,CH JEAN BOUVERI,CH,C09 ,"Chir. majeure de l'app. Locomoteur:
 hanche, fémur, genou, épaule",HOTEL-DIEU DU CREUSOT,21,0.0
413,NONE,CH DE LA GUICHE,CH,X08,Pneumologie ,HOTEL-DIEU DU CREUSOT,20,0.0
