Nom_GHT;Etablissement SSR ;Catégorie ;Code ;Groupe planification ;Provenance ;Effectif ;Total par établissement (Effecitifs >10);Total (Effecitifs >10);is_in_GHT;
GHT SaôneEtLoire Bresse Morvan ;CH AUTUN SITE LATOUCHE;CH;X08;Pneumologie ;CH AUTUN SITE PARPAS;30;88;;1;
GHT SaôneEtLoire Bresse Morvan ;CH AUTUN SITE LATOUCHE;CH;X03;Neurologie ;CH AUTUN SITE PARPAS;30;;;1;
GHT SaôneEtLoire Bresse Morvan ;CH AUTUN SITE LATOUCHE;CH;X07;Affections Cardio-vasculaires ;CH AUTUN SITE PARPAS;16;;;1;
GHT SaôneEtLoire Bresse Morvan ;CH AUTUN SITE LATOUCHE;CH;X06;Rhumatologie ;CH AUTUN SITE PARPAS;12;;;1;
GHT SaôneEtLoire Bresse Morvan ;CENTRE ORTHOPEDIQUE MEDICO-CHIR;Privé;C09;"Chir. majeure de l'app. Locomoteur:
 hanche, fémur, genou, épaule";CH WILLIAM MOREY CHALON SUR SAONE;78;262;;1;
GHT SaôneEtLoire Bresse Morvan ;CENTRE ORTHOPEDIQUE MEDICO-CHIR;Privé;X03;Neurologie ;CH WILLIAM MOREY CHALON SUR SAONE;32;;;1;
GHT SaôneEtLoire Bresse Morvan ;CENTRE ORTHOPEDIQUE MEDICO-CHIR;Privé;X08;Pneumologie ;CH WILLIAM MOREY CHALON SUR SAONE;22;;;1;
GHT SaôneEtLoire Bresse Morvan ;CENTRE ORTHOPEDIQUE MEDICO-CHIR;Privé;X07;Affections Cardio-vasculaires ;CH WILLIAM MOREY CHALON SUR SAONE;24;;;1;
GHT SaôneEtLoire Bresse Morvan ;CENTRE ORTHOPEDIQUE MEDICO-CHIR;Privé;C11;"Chirurgies autres de l'appareil locomoteur, 
amputations";CH WILLIAM MOREY CHALON SUR SAONE;20;;;1;
GHT SaôneEtLoire Bresse Morvan ;CENTRE ORTHOPEDIQUE MEDICO-CHIR;Privé;X06;Rhumatologie ;CH WILLIAM MOREY CHALON SUR SAONE;20;;;1;
GHT SaôneEtLoire Bresse Morvan ;CENTRE ORTHOPEDIQUE MEDICO-CHIR;Privé;X05;"
Traumatologie et ablation de matériel de l'appareil locomoteur";CH WILLIAM MOREY CHALON SUR SAONE;33;;;1;
GHT SaôneEtLoire Bresse Morvan ;CENTRE ORTHOPEDIQUE MEDICO-CHIR;Privé;X02;Hépato-Gastro-Entérologie ;CH WILLIAM MOREY CHALON SUR SAONE;22;;;1;
GHT SaôneEtLoire Bresse Morvan ;CENTRE ORTHOPEDIQUE MEDICO-CHIR;Privé;X12;Uro-Néphrologie médicale (hors Séances);CH WILLIAM MOREY CHALON SUR SAONE;11;;;1;
GHT SaôneEtLoire Bresse Morvan ;CH WILLIAM MOREY CHALON SUR SAONE;CH;C09;"Chir. majeure de l'app. Locomoteur:
 hanche, fémur, genou, épaule";CH WILLIAM MOREY CHALON SUR SAONE;49;313;;1;
GHT SaôneEtLoire Bresse Morvan ;CH WILLIAM MOREY CHALON SUR SAONE;CH;X03;Neurologie ;CH WILLIAM MOREY CHALON SUR SAONE;28;;;1;
GHT SaôneEtLoire Bresse Morvan ;CH WILLIAM MOREY CHALON SUR SAONE;CH;X08;Pneumologie ;CH WILLIAM MOREY CHALON SUR SAONE;85;;;1;
GHT SaôneEtLoire Bresse Morvan ;CH WILLIAM MOREY CHALON SUR SAONE;CH;X07;Affections Cardio-vasculaires ;CH WILLIAM MOREY CHALON SUR SAONE;26;;;1;
GHT SaôneEtLoire Bresse Morvan ;CH WILLIAM MOREY CHALON SUR SAONE;CH;C11;"Chirurgies autres de l'appareil locomoteur, 
amputations";CH WILLIAM MOREY CHALON SUR SAONE;14;;;1;
GHT SaôneEtLoire Bresse Morvan ;CH WILLIAM MOREY CHALON SUR SAONE;CH;X06;Rhumatologie ;CH WILLIAM MOREY CHALON SUR SAONE;31;;;1;
GHT SaôneEtLoire Bresse Morvan ;CH WILLIAM MOREY CHALON SUR SAONE;CH;X05;"
Traumatologie et ablation de matériel de l'appareil locomoteur";CH WILLIAM MOREY CHALON SUR SAONE;33;;;1;
GHT SaôneEtLoire Bresse Morvan ;CH WILLIAM MOREY CHALON SUR SAONE;CH;X12;Uro-Néphrologie médicale (hors Séances);CH WILLIAM MOREY CHALON SUR SAONE;15;;;1;
GHT SaôneEtLoire Bresse Morvan ;CH WILLIAM MOREY CHALON SUR SAONE;CH;X20 ;Psychiatrie ;CH WILLIAM MOREY CHALON SUR SAONE;17;;;1;
GHT SaôneEtLoire Bresse Morvan ;CH WILLIAM MOREY CHALON SUR SAONE;CH;X19;Fièvre, Infection, Septicémie, VIH;CH WILLIAM MOREY CHALON SUR SAONE;15;;;1;
GHT SaôneEtLoire Bresse Morvan ;CENTRE SSR DU CHALONNAIS ;Privé ;C09;"Chir. majeure de l'app. Locomoteur:
 hanche, fémur, genou, épaule";CH WILLIAM MOREY CHALON SUR SAONE;35;110;;1;
GHT SaôneEtLoire Bresse Morvan ;CENTRE SSR DU CHALONNAIS ;Privé ;X08;Pneumologie ;CH WILLIAM MOREY CHALON SUR SAONE;12;;;1;
GHT SaôneEtLoire Bresse Morvan ;CENTRE SSR DU CHALONNAIS ;Privé ;C11;"Chirurgies autres de l'appareil locomoteur, 
amputations";CH WILLIAM MOREY CHALON SUR SAONE;15;;;1;
GHT SaôneEtLoire Bresse Morvan ;CENTRE SSR DU CHALONNAIS ;Privé ;X02;Hépato-Gastro-Entérologie ;CH WILLIAM MOREY CHALON SUR SAONE;11;;;1;
GHT SaôneEtLoire Bresse Morvan ;CENTRE SSR DU CHALONNAIS ;Privé ;C07;"Chir. Viscérale autre : rate, grêle, colon,
 proctologie, hernies";CH WILLIAM MOREY CHALON SUR SAONE;25;;;1;
GHT SaôneEtLoire Bresse Morvan ;CENTRE SSR DU CHALONNAIS ;Privé ;C06;"Chir. Digestive majeure : oesophage, 
estomac, grêle, côlon, rectum";CH WILLIAM MOREY CHALON SUR SAONE;12;;;1;
GHT SaôneEtLoire Bresse Morvan ;KORIAN LA BRESSANE ;Privé ;C09;"Chir. majeure de l'app. Locomoteur:
 hanche, fémur, genou, épaule";CH WILLIAM MOREY CHALON SUR SAONE;25;37;;1;
GHT SaôneEtLoire Bresse Morvan ;KORIAN LA BRESSANE ;Privé ;X05;"
Traumatologie et ablation de matériel de l'appareil locomoteur";CH WILLIAM MOREY CHALON SUR SAONE;12;;;1;
GHT SaôneEtLoire Bresse Morvan ;CH JEAN BOUVERI ;CH;C09;"Chir. majeure de l'app. Locomoteur:
 hanche, fémur, genou, épaule";CH WILLIAM MOREY CHALON SUR SAONE;18;18;338;1;
GHT SaôneEtLoire Bresse Morvan ;CH JEAN BOUVERI ;CH;X08;Pneumologie ;CH JEAN BOUVERI ;44;320;;1;
GHT SaôneEtLoire Bresse Morvan ;CH JEAN BOUVERI ;CH;X03;Neurologie médicale;CH JEAN BOUVERI ;46;;;1;
GHT SaôneEtLoire Bresse Morvan ;CH JEAN BOUVERI ;CH;X07;Affections Cardio-vasculaires ;CH JEAN BOUVERI ;42;;;1;
GHT SaôneEtLoire Bresse Morvan ;CH JEAN BOUVERI ;CH;X06;Rhumatologie ;CH JEAN BOUVERI ;31;;;1;
GHT SaôneEtLoire Bresse Morvan ;CH JEAN BOUVERI ;CH;X20 ;Psychiatrie ;CH JEAN BOUVERI ;25;;;1;
GHT SaôneEtLoire Bresse Morvan ;CH JEAN BOUVERI ;CH;X21;Effets nocifs, alcool, toxicologie, allergies;CH JEAN BOUVERI ;31;;;1;
GHT SaôneEtLoire Bresse Morvan ;CH JEAN BOUVERI ;CH;X05;"
Traumatologie et ablation de matériel de l'appareil locomoteur";CH JEAN BOUVERI ;24;;;1;
GHT SaôneEtLoire Bresse Morvan ;CH JEAN BOUVERI ;CH;X16;Affections et traumatismes de la peau, gelures;CH JEAN BOUVERI ;24;;;1;
GHT SaôneEtLoire Bresse Morvan ;CH JEAN BOUVERI ;CH;X02;Hépato-Gastro-Entérologie ;CH JEAN BOUVERI ;22;;;1;
GHT SaôneEtLoire Bresse Morvan ;CH JEAN BOUVERI ;CH;X12;Uro-Néphrologie médicale (hors Séances);CH JEAN BOUVERI ;15;;;1;
GHT SaôneEtLoire Bresse Morvan ;CH JEAN BOUVERI ;CH;X18;"Suivi thérap. d'affections connues, Allergologie,
 Rééducation, Convalescence";CH JEAN BOUVERI ;16;;;1;
GHT SaôneEtLoire Bresse Morvan ;CH BELNAY;CH;C09;"Chir. majeure de l'app. Locomoteur:
 hanche, fémur, genou, épaule";CH WILLIAM MOREY CHALON SUR SAONE;13;13;;1;
GHT SaôneEtLoire Bresse Morvan ;SSR MARGUERITE BOUCICAUT;Privé ;X03;Neurologie médicale;CH WILLIAM MOREY CHALON SUR SAONE;133;222;233;1;
GHT SaôneEtLoire Bresse Morvan ;SSR MARGUERITE BOUCICAUT;Privé ;X07;Affections Cardio-vasculaires ;CH WILLIAM MOREY CHALON SUR SAONE;26;;;1;
GHT SaôneEtLoire Bresse Morvan ;SSR MARGUERITE BOUCICAUT;Privé ;X08;Pneumologie ;CH WILLIAM MOREY CHALON SUR SAONE;63;;;1;
GHT SaôneEtLoire Bresse Morvan ;SSR MARGUERITE BOUCICAUT;Privé ;X08;Pneumologie ;CH JEAN BOUVERI ;11;11;;1;
GHT SaôneEtLoire Bresse Morvan ;CRF LE BOURBONNAIS;PSPH/EBNL;X03;Neurologie médicale ;CH WILLIAM MOREY CHALON SUR SAONE;14;14;;1;
GHT SaôneEtLoire Bresse Morvan ;CH BRESSE LOUHANNAISE;CH;X03;Neurologie médicale ;CH BRESSE LOUHANNAISE;17;40;;1;
GHT SaôneEtLoire Bresse Morvan ;CH BRESSE LOUHANNAISE;CH;X08;Pneumologie ;CH BRESSE LOUHANNAISE;12;;;1;
GHT SaôneEtLoire Bresse Morvan ;CH BRESSE LOUHANNAISE;CH;X07;Affections Cardio-vasculaires ;CH BRESSE LOUHANNAISE;11;;;1;
GHT SaôneEtLoire Bresse Morvan ;CH DE LA GUICHE ;CH ;X08;Pneumologie ;CH JEAN BOUVERI ;43;43;;1;
GHT Sud Yonne Haut-Nivernais;AIHP CENTRE ARMANCON;PSPH/EBNL;X21;Effets nocifs, alcool, toxicologie, allergies;CHS AUXERRE;30;30;;1;
GHT Sud Yonne Haut-Nivernais;CSSR LE RENOUVEAU;Privé;X21;Effets nocifs, alcool, toxicologie, allergies;CHS AUXERRE;13;13;;1;
GHT Sud Yonne Haut-Nivernais;LE RECONFORT;Privé ;C09;"Chir. majeure de l'app. Locomoteur:
 hanche, fémur, genou, épaule";CH AUXERRE ;39;39;123;1;
GHT Sud Yonne Haut-Nivernais;LE RECONFORT;Privé ;X07;Affections Cardio-vasculaires ;CH CLAMECY;25;84;;1;
GHT Sud Yonne Haut-Nivernais;LE RECONFORT;Privé ;X08;Pneumologie ;CH CLAMECY;21;;;1;
GHT Sud Yonne Haut-Nivernais;LE RECONFORT;Privé ;X03;Neurologie ;CH CLAMECY;20;;;1;
GHT Sud Yonne Haut-Nivernais;LE RECONFORT;Privé ;X06;Rhumatologie ;CH CLAMECY;18;;;1;
GHT Sud Yonne Haut-Nivernais;CH AUXERRE;CH;C09;"Chir. majeure de l'app. Locomoteur:
 hanche, fémur, genou, épaule";CH AUXERRE;62;504;;1;
GHT Sud Yonne Haut-Nivernais;CH AUXERRE;CH;X08;Pneumologie ;CH AUXERRE;36;;;1;
GHT Sud Yonne Haut-Nivernais;CH AUXERRE;CH;X03;Neurologie ;CH AUXERRE;80;;;1;
GHT Sud Yonne Haut-Nivernais;CH AUXERRE;CH;X07;Affections Cardio-vasculaires ;CH AUXERRE;70;;;1;
GHT Sud Yonne Haut-Nivernais;CH AUXERRE;CH;X02;Hépato-Gastro-Entérologie ;CH AUXERRE;31;;;1;
GHT Sud Yonne Haut-Nivernais;CH AUXERRE;CH;C11;"Chirurgies autres de l'appareil locomoteur, 
amputations";CH AUXERRE;17;;;1;
GHT Sud Yonne Haut-Nivernais;CH AUXERRE;CH;X06;Rhumatologie ;CH AUXERRE;42;;;1;
GHT Sud Yonne Haut-Nivernais;CH AUXERRE;CH;X24;"Médecine inter spécialités, 
Autres symptômes ou motifs médicaux";CH AUXERRE;34;;;1;
GHT Sud Yonne Haut-Nivernais;CH AUXERRE;CH;X05;"
Traumatologie et ablation de matériel de l'appareil locomoteur";CH AUXERRE;37;;;1;
GHT Sud Yonne Haut-Nivernais;CH AUXERRE;CH;X16;Affections et traumatismes de la peau, gelures;CH AUXERRE;26;;;1;
GHT Sud Yonne Haut-Nivernais;CH AUXERRE;CH;X12;Uro-Néphrologie médicale (hors Séances);CH AUXERRE;17;;;1;
GHT Sud Yonne Haut-Nivernais;CH AUXERRE;CH;X20;Psychiatrie ;CH AUXERRE;22;;;1;
GHT Sud Yonne Haut-Nivernais;CH AUXERRE;CH;X15;"Diabète, Maladies métaboliques,
 Endocrinologie (hors complications)";CH AUXERRE;18;;;1;
GHT Sud Yonne Haut-Nivernais;CH AUXERRE;CH;X04;Commotions cérébrales, Traumatismes crâniens;CH AUXERRE;12;;;1;
GHT Sud Yonne Haut-Nivernais;ÉTABLISSEMENT SOINS DE SUITE LE PETIT PIEN;Privé ;C09;"Chir. majeure de l'app. Locomoteur:
 hanche, fémur, genou, épaule";CH AUXERRE;53;344;;1;
GHT Sud Yonne Haut-Nivernais;ÉTABLISSEMENT SOINS DE SUITE LE PETIT PIEN;Privé ;X08;Pneumologie ;CH AUXERRE;79;;;1;
GHT Sud Yonne Haut-Nivernais;ÉTABLISSEMENT SOINS DE SUITE LE PETIT PIEN;Privé ;X03;Neurologie ;CH AUXERRE;32;;;1;
GHT Sud Yonne Haut-Nivernais;ÉTABLISSEMENT SOINS DE SUITE LE PETIT PIEN;Privé ;X07;Affections Cardio-vasculaires ;CH AUXERRE;27;;;1;
GHT Sud Yonne Haut-Nivernais;ÉTABLISSEMENT SOINS DE SUITE LE PETIT PIEN;Privé ;X02;Hépato-Gastro-Entérologie ;CH AUXERRE;34;;;1;
GHT Sud Yonne Haut-Nivernais;ÉTABLISSEMENT SOINS DE SUITE LE PETIT PIEN;Privé ;C11;"Chirurgies autres de l'appareil locomoteur, 
amputations";CH AUXERRE;17;;;1;
GHT Sud Yonne Haut-Nivernais;ÉTABLISSEMENT SOINS DE SUITE LE PETIT PIEN;Privé ;X06;Rhumatologie ;CH AUXERRE;17;;;1;
GHT Sud Yonne Haut-Nivernais;ÉTABLISSEMENT SOINS DE SUITE LE PETIT PIEN;Privé ;X24;"Médecine inter spécialités, 
Autres symptômes ou motifs médicaux";CH AUXERRE;22;;;1;
GHT Sud Yonne Haut-Nivernais;ÉTABLISSEMENT SOINS DE SUITE LE PETIT PIEN;Privé ;X23;Chimithérapie (hors séances) ;CH AUXERRE;28;;;1;
GHT Sud Yonne Haut-Nivernais;ÉTABLISSEMENT SOINS DE SUITE LE PETIT PIEN;Privé ;X16;Affections et traumatismes de la peau, gelures;CH AUXERRE;11;;;1;
GHT Sud Yonne Haut-Nivernais;ÉTABLISSEMENT SOINS DE SUITE LE PETIT PIEN;Privé ;X12;Uro-Néphrologie médicale (hors Séances);CH AUXERRE;13;;;1;
GHT Sud Yonne Haut-Nivernais;ÉTABLISSEMENT SOINS DE SUITE LE PETIT PIEN;Privé ;X20;Psychiatrie ;CH AUXERRE;11;;;1;
GHT Sud Yonne Haut-Nivernais;CH AVALLON ;CH ;C09;"Chir. majeure de l'app. Locomoteur:
 hanche, fémur, genou, épaule";CH AUXERRE;25;25;145;1;
GHT Sud Yonne Haut-Nivernais;CH AVALLON ;CH ;X06;Rhumatologie ;CH AVALLON ;26;120;;1;
GHT Sud Yonne Haut-Nivernais;CH AVALLON ;CH ;X07;Affections Cardio-vasculaires ;CH AVALLON ;21;;;1;
GHT Sud Yonne Haut-Nivernais;CH AVALLON ;CH ;X08;Pneumologie ;CH AVALLON ;21;;;1;
GHT Sud Yonne Haut-Nivernais;CH AVALLON ;CH ;X03;Neurologie ;CH AVALLON ;12;;;1;
GHT Sud Yonne Haut-Nivernais;CH AVALLON ;CH ;X05;"
Traumatologie et ablation de matériel de l'appareil locomoteur";CH AVALLON ;14;;;1;
GHT Sud Yonne Haut-Nivernais;CH AVALLON ;CH ;X20;Psychiatrie ;CH AVALLON ;14;;;1;
GHT Sud Yonne Haut-Nivernais;CH AVALLON ;CH ;X24;"Médecine inter spécialités, 
Autres symptômes ou motifs médicaux";CH AVALLON ;12;;;1;
GHT Sud Yonne Haut-Nivernais;CH DU TONNERROIS;CH;C09;"Chir. majeure de l'app. Locomoteur:
 hanche, fémur, genou, épaule";CH AUXERRE;24;24;116;1;
GHT Sud Yonne Haut-Nivernais;CH DU TONNERROIS;CH;X03;Neurologie ;CH DU TONNERROIS;22;92;;1;
GHT Sud Yonne Haut-Nivernais;CH DU TONNERROIS;CH;X06;Rhumatologie ;CH DU TONNERROIS;23;;;1;
GHT Sud Yonne Haut-Nivernais;CH DU TONNERROIS;CH;X08;Pneumologie ;CH DU TONNERROIS;18;;;1;
GHT Sud Yonne Haut-Nivernais;CH DU TONNERROIS;CH;X05;"
Traumatologie et ablation de matériel de l'appareil locomoteur";CH DU TONNERROIS;16;;;1;
GHT Sud Yonne Haut-Nivernais;CH DU TONNERROIS;CH;X07;Affections Cardio-vasculaires ;CH DU TONNERROIS;13;;;1;
GHT Sud Yonne Haut-Nivernais;CENTRE MEDICAL DE LA VENERIE ;Privé ;X08;Pneumologie ;CH CLAMECY;11;11;;1;
GHT Côte d'Or - Haute Marne;CH REG UNIVERSITAIRE DIJON ;CHR/U ;X08;Pneumologie ;CH REG UNIVERSITAIRE DIJON ;90;370;;1;
GHT Côte d'Or - Haute Marne;CH REG UNIVERSITAIRE DIJON ;CHR/U ;X07;Affections Cardio-vasculaires ;CH REG UNIVERSITAIRE DIJON ;68;;;1;
GHT Côte d'Or - Haute Marne;CH REG UNIVERSITAIRE DIJON ;CHR/U ;X20 ;Psychiatrie ;CH REG UNIVERSITAIRE DIJON ;59;;;1;
GHT Côte d'Or - Haute Marne;CH REG UNIVERSITAIRE DIJON ;CHR/U ;X03 ;Neurologie médicale ;CH REG UNIVERSITAIRE DIJON ;49;;;1;
GHT Côte d'Or - Haute Marne;CH REG UNIVERSITAIRE DIJON ;CHR/U ;X06 ;Rhumatologie ;CH REG UNIVERSITAIRE DIJON ;36;;;1;
GHT Côte d'Or - Haute Marne;CH REG UNIVERSITAIRE DIJON ;CHR/U ;X02 ;Hépato-Gastro-Entérologie ;CH REG UNIVERSITAIRE DIJON ;34;;;1;
GHT Côte d'Or - Haute Marne;CH REG UNIVERSITAIRE DIJON ;CHR/U ;X12 ;Uro-Néphrologie médicale (hors Séances);CH REG UNIVERSITAIRE DIJON ;21;;;1;
GHT Côte d'Or - Haute Marne;CH REG UNIVERSITAIRE DIJON ;CHR/U ;X14;"Maladies immunitaires, du Sang, des Organes 
hématopoïétiques, Tumeurs SID";CH REG UNIVERSITAIRE DIJON ;13;;;1;
GHT Côte d'Or - Haute Marne;SSR EDITH CAVELL ;Privé ;X07;Affections Cardio-vasculaires ;CH REG UNIVERSITAIRE DIJON ;22;71;270;1;
GHT Côte d'Or - Haute Marne;SSR EDITH CAVELL ;Privé ;X20 ;Psychiatrie ;CH REG UNIVERSITAIRE DIJON ;23;;;1;
GHT Côte d'Or - Haute Marne;SSR EDITH CAVELL ;Privé ;X03 ;Neurologie médicale ;CH REG UNIVERSITAIRE DIJON ;14;;;1;
GHT Côte d'Or - Haute Marne;SSR EDITH CAVELL ;Privé ;X06 ;Rhumatologie ;CH REG UNIVERSITAIRE DIJON ;12;;;1;
GHT Côte d'Or - Haute Marne;SSR EDITH CAVELL ;Privé ;C09 ;"Chir. majeure de l'app. Locomoteur:
 hanche, fémur, genou, épaule";HÔPITAL LE BOCAGE CHRU DIJON;30;199;;1;
GHT Côte d'Or - Haute Marne;SSR EDITH CAVELL ;Privé ;X08 ;Pneumologie ;HÔPITAL LE BOCAGE CHRU DIJON;37;;;1;
GHT Côte d'Or - Haute Marne;SSR EDITH CAVELL ;Privé ;X03 ;Neurologie médicale ;HÔPITAL LE BOCAGE CHRU DIJON;15;;;1;
GHT Côte d'Or - Haute Marne;SSR EDITH CAVELL ;Privé ;X06 ;Rhumatologie ;HÔPITAL LE BOCAGE CHRU DIJON;20;;;1;
GHT Côte d'Or - Haute Marne;SSR EDITH CAVELL ;Privé ;X07 ;Affections Cardio-vasculaires ;HÔPITAL LE BOCAGE CHRU DIJON;26;;;1;
GHT Côte d'Or - Haute Marne;SSR EDITH CAVELL ;Privé ;X02 ;Hépato-Gastro-Entérologie ;HÔPITAL LE BOCAGE CHRU DIJON;23;;;1;
GHT Côte d'Or - Haute Marne;SSR EDITH CAVELL ;Privé ;X12 ;Uro-Néphrologie médicale (hors Séances);HÔPITAL LE BOCAGE CHRU DIJON;13;;;1;
GHT Côte d'Or - Haute Marne;SSR EDITH CAVELL ;Privé ;C06;Chir. Digestive majeure : oesophage, estomac, grêle, côlon, rectum;HÔPITAL LE BOCAGE CHRU DIJON;23;;;1;
GHT Côte d'Or - Haute Marne;SSR EDITH CAVELL ;Privé ;X14;"Maladies immunitaires, du Sang, des Organes 
hématopoïétiques, Tumeurs SID";HÔPITAL LE BOCAGE CHRU DIJON;12;;;1;
GHT Côte d'Or - Haute Marne;CSSR LE RENOUVEAU ;Privé ;X21;Effets nocifs, alcool, toxicologie, allergies;CH LA CHARTREUSE ;12;12;;1;
GHT Côte d'Or - Haute Marne;HÔPITAL LE BOCAGE CHRU DIJON;CHR/U ;C09 ;"Chir. majeure de l'app. Locomoteur:
 hanche, fémur, genou, épaule";HÔPITAL LE BOCAGE CHRU DIJON;86;433;;1;
GHT Côte d'Or - Haute Marne;HÔPITAL LE BOCAGE CHRU DIJON;CHR/U ;X08 ;Pneumologie ;HÔPITAL LE BOCAGE CHRU DIJON;67;;;1;
GHT Côte d'Or - Haute Marne;HÔPITAL LE BOCAGE CHRU DIJON;CHR/U ;X03 ;Neurologie médicale ;HÔPITAL LE BOCAGE CHRU DIJON;85;;;1;
GHT Côte d'Or - Haute Marne;HÔPITAL LE BOCAGE CHRU DIJON;CHR/U ;C11;"Chirurgies autres de l'appareil locomoteur, 
amputations";HÔPITAL LE BOCAGE CHRU DIJON;43;;;1;
GHT Côte d'Or - Haute Marne;HÔPITAL LE BOCAGE CHRU DIJON;CHR/U ;C02 ;Chirugie du rachis, Neuro-chirurgie ;HÔPITAL LE BOCAGE CHRU DIJON;33;;;1;
GHT Côte d'Or - Haute Marne;HÔPITAL LE BOCAGE CHRU DIJON;CHR/U ;C04 ;"Chir. cardio-thoracique (hors transplant. d'organe), 
Pontages aorto-coronariens";HÔPITAL LE BOCAGE CHRU DIJON;37;;;1;
GHT Côte d'Or - Haute Marne;HÔPITAL LE BOCAGE CHRU DIJON;CHR/U ;X06 ;Rhumatologie ;HÔPITAL LE BOCAGE CHRU DIJON;15;;;1;
GHT Côte d'Or - Haute Marne;HÔPITAL LE BOCAGE CHRU DIJON;CHR/U ;X07 ;Affections Cardio-vasculaires ;HÔPITAL LE BOCAGE CHRU DIJON;18;;;1;
GHT Côte d'Or - Haute Marne;HÔPITAL LE BOCAGE CHRU DIJON;CHR/U ;K05;"Cathétérismes vasculaires diagnostiques
 et interventionnels";HÔPITAL LE BOCAGE CHRU DIJON;25;;;1;
GHT Côte d'Or - Haute Marne;HÔPITAL LE BOCAGE CHRU DIJON;CHR/U ;X12 ;Uro-Néphrologie médicale (hors Séances);HÔPITAL LE BOCAGE CHRU DIJON;12;;;1;
GHT Côte d'Or - Haute Marne;HÔPITAL LE BOCAGE CHRU DIJON;CHR/U ;C14;Chirurgie vasculaire ;HÔPITAL LE BOCAGE CHRU DIJON;12;;;1;
GHT Côte d'Or - Haute Marne;C.R.B LES ROSIERS ;Privé ;C09 ;"Chir. majeure de l'app. Locomoteur:
 hanche, fémur, genou, épaule";HÔPITAL LE BOCAGE CHRU DIJON;74;135;;1;
GHT Côte d'Or - Haute Marne;C.R.B LES ROSIERS ;Privé ;X08 ;Pneumologie ;HÔPITAL LE BOCAGE CHRU DIJON;22;;;1;
GHT Côte d'Or - Haute Marne;C.R.B LES ROSIERS ;Privé ;C11;"Chirurgies autres de l'appareil locomoteur, 
amputations";HÔPITAL LE BOCAGE CHRU DIJON;26;;;1;
GHT Côte d'Or - Haute Marne;C.R.B LES ROSIERS ;Privé ;X06 ;Rhumatologie ;HÔPITAL LE BOCAGE CHRU DIJON;13;;;1;
GHT Côte d'Or - Haute Marne;CENTRE DE CONVALESCENCE ;Privé ;C09 ;"Chir. majeure de l'app. Locomoteur:
 hanche, fémur, genou, épaule";HÔPITAL LE BOCAGE CHRU DIJON;55;236;;1;
GHT Côte d'Or - Haute Marne;CENTRE DE CONVALESCENCE ;Privé ;X08 ;Pneumologie ;HÔPITAL LE BOCAGE CHRU DIJON;46;;;1;
GHT Côte d'Or - Haute Marne;CENTRE DE CONVALESCENCE ;Privé ;X03 ;Neurologie médicale ;HÔPITAL LE BOCAGE CHRU DIJON;13;;;1;
GHT Côte d'Or - Haute Marne;CENTRE DE CONVALESCENCE ;Privé ;C11;"Chirurgies autres de l'appareil locomoteur, 
amputations";HÔPITAL LE BOCAGE CHRU DIJON;13;;;1;
GHT Côte d'Or - Haute Marne;CENTRE DE CONVALESCENCE ;Privé ;X06 ;Rhumatologie ;HÔPITAL LE BOCAGE CHRU DIJON;22;;;1;
GHT Côte d'Or - Haute Marne;CENTRE DE CONVALESCENCE ;Privé ;X07 ;Affections Cardio-vasculaires ;HÔPITAL LE BOCAGE CHRU DIJON;28;;;1;
GHT Côte d'Or - Haute Marne;CENTRE DE CONVALESCENCE ;Privé ;X02 ;Hépato-Gastro-Entérologie ;HÔPITAL LE BOCAGE CHRU DIJON;17;;;1;
GHT Côte d'Or - Haute Marne;CENTRE DE CONVALESCENCE ;Privé ;X12 ;Uro-Néphrologie médicale (hors Séances);HÔPITAL LE BOCAGE CHRU DIJON;12;;;1;
GHT Côte d'Or - Haute Marne;CENTRE DE CONVALESCENCE ;Privé ;X05 ;"
Traumatologie et ablation de matériel de l'appareil locomoteur";HÔPITAL LE BOCAGE CHRU DIJON;17;;;1;
GHT Côte d'Or - Haute Marne;CENTRE DE CONVALESCENCE ;Privé ;X14;"Maladies immunitaires, du Sang, des Organes 
hématopoïétiques, Tumeurs SID";HÔPITAL LE BOCAGE CHRU DIJON;13;;;1;
GHT Côte d'Or - Haute Marne;CRF DIVIO ;Privé ;C09 ;"Chir. majeure de l'app. Locomoteur:
 hanche, fémur, genou, épaule";HÔPITAL LE BOCAGE CHRU DIJON;46;162;;1;
GHT Côte d'Or - Haute Marne;CRF DIVIO ;Privé ;X08 ;Pneumologie ;HÔPITAL LE BOCAGE CHRU DIJON;12;;;1;
GHT Côte d'Or - Haute Marne;CRF DIVIO ;Privé ;X03 ;Neurologie médicale ;HÔPITAL LE BOCAGE CHRU DIJON;43;;;1;
GHT Côte d'Or - Haute Marne;CRF DIVIO ;Privé ;C11;"Chirurgies autres de l'appareil locomoteur, 
amputations";HÔPITAL LE BOCAGE CHRU DIJON;23;;;1;
GHT Côte d'Or - Haute Marne;CRF DIVIO ;Privé ;C02 ;Chirugie du rachis, Neuro-chirurgie ;HÔPITAL LE BOCAGE CHRU DIJON;24;;;1;
GHT Côte d'Or - Haute Marne;CRF DIVIO ;Privé ;C12;Traumatismes multiples graves;HÔPITAL LE BOCAGE CHRU DIJON;14;;;1;
GHT Côte d'Or - Haute Marne;SA MAISON JOUVENCE;Privé ;C09 ;"Chir. majeure de l'app. Locomoteur:
 hanche, fémur, genou, épaule";HÔPITAL LE BOCAGE CHRU DIJON;16;147;;1;
GHT Côte d'Or - Haute Marne;SA MAISON JOUVENCE;Privé ;X08 ;Pneumologie ;HÔPITAL LE BOCAGE CHRU DIJON;34;;;1;
GHT Côte d'Or - Haute Marne;SA MAISON JOUVENCE;Privé ;X03 ;Neurologie médicale ;HÔPITAL LE BOCAGE CHRU DIJON;15;;;1;
GHT Côte d'Or - Haute Marne;SA MAISON JOUVENCE;Privé ;C11;"Chirurgies autres de l'appareil locomoteur, 
amputations";HÔPITAL LE BOCAGE CHRU DIJON;16;;;1;
GHT Côte d'Or - Haute Marne;SA MAISON JOUVENCE;Privé ;C02 ;Chirugie du rachis, Neuro-chirurgie ;HÔPITAL LE BOCAGE CHRU DIJON;17;;;1;
GHT Côte d'Or - Haute Marne;SA MAISON JOUVENCE;Privé ;X07 ;Affections Cardio-vasculaires ;HÔPITAL LE BOCAGE CHRU DIJON;22;;;1;
GHT Côte d'Or - Haute Marne;SA MAISON JOUVENCE;Privé ;X02 ;Hépato-Gastro-Entérologie ;HÔPITAL LE BOCAGE CHRU DIJON;14;;;1;
GHT Côte d'Or - Haute Marne;SA MAISON JOUVENCE;Privé ;X12 ;Uro-Néphrologie médicale (hors Séances);HÔPITAL LE BOCAGE CHRU DIJON;13;;;1;
GHT Côte d'Or - Haute Marne;CH D'AUXONNE ;CH ;X08 ;Pneumologie ;HÔPITAL LE BOCAGE CHRU DIJON;12;12;;1;
GHT Côte d'Or - Haute Marne;SSR MARGUERITE BOUCICAUT;Privé ;C04 ;"Chir. cardio-thoracique (hors transplant. d'organe), 
Pontages aorto-coronariens";HÔPITAL LE BOCAGE CHRU DIJON;39;39;;1;
GHT Côte d'Or - Haute Marne;CH D'IS-SUR-TILLE;CH ;X02 ;Hépato-Gastro-Entérologie ;HÔPITAL LE BOCAGE CHRU DIJON;11;11;;1;
GHT Côte d'Or - Haute Marne;CENTRE MEDICAL LA GRANGE/MONT;PSPH/EBNL;C05;"Chir. majeure sur le thorax, l'app. respiratoire,
interventions sous thoracoscopie";HÔPITAL LE BOCAGE CHRU DIJON;14;14;;1;
GHT Côte d'Or - Haute Marne;CH DE CHAUMONT;CH;X03 ;Neurologie médicale ;CH DE CHAUMONT;45;146;;1;
GHT Côte d'Or - Haute Marne;CH DE CHAUMONT;CH;X06 ;Rhumatologie ;CH DE CHAUMONT;30;;;1;
GHT Côte d'Or - Haute Marne;CH DE CHAUMONT;CH;X08;Pneumologie ;CH DE CHAUMONT;24;;;1;
GHT Côte d'Or - Haute Marne;CH DE CHAUMONT;CH;X24;"Médecine inter spécialités, 
Autres symptômes ou motifs médicaux";CH DE CHAUMONT;24;;;1;
GHT Côte d'Or - Haute Marne;CH DE CHAUMONT;CH;X05 ;"
Traumatologie et ablation de matériel de l'appareil locomoteur";CH DE CHAUMONT;12;;;1;
GHT Côte d'Or - Haute Marne;CH DE CHAUMONT;CH;X20 ;Psychiatrie ;CH DE CHAUMONT;11;;;1;
GHT Côte d'Or - Haute Marne;CH DE LANGRES;CH ;X03 ;Neurologie médicale ;CH DE LANGRES;43;148;;1;
GHT Côte d'Or - Haute Marne;CH DE LANGRES;CH ;X08;Pneumologie ;CH DE LANGRES;31;;;1;
GHT Côte d'Or - Haute Marne;CH DE LANGRES;CH ;X24;"Médecine inter spécialités, 
Autres symptômes ou motifs médicaux";CH DE LANGRES;25;;;1;
GHT Côte d'Or - Haute Marne;CH DE LANGRES;CH ;X07;Affections Cardio-vasculaires ;CH DE LANGRES;18;;;1;
GHT Côte d'Or - Haute Marne;CH DE LANGRES;CH ;X20 ;Psychiatrie ;CH DE LANGRES;17;;;1;
GHT Côte d'Or - Haute Marne;CH DE LANGRES;CH ;X12 ;Uro-Néphrologie médicale (hors Séances);CH DE LANGRES;14;;;1;
GHT Côte d'Or - Haute Marne;CH HCO SITE DE CHATILLON SUR SEINE;CH;X07 ;Affections Cardio-vasculaires ;CH HCO SITE DE CHATILLON SUR SEINE;14;14;44;1;
GHT Côte d'Or - Haute Marne;CH HCO SITE DE CHATILLON SUR SEINE;CH;C09 ;"Chir. majeure de l'app. Locomoteur:
 hanche, fémur, genou, épaule";CH ROBERT MORLEVAT;30;30;;1;
GHT Côte d'Or - Haute Marne;CH HCO SITE DE MONTBARD ;CH ;C04 ;"Chir. cardio-thoracique (hors transplant. d'organe), 
Pontages aorto-coronariens";HÔPITAL LE BOCAGE CHRU DIJON;12;12;351;1;
GHT Côte d'Or - Haute Marne;CH HCO SITE DE MONTBARD ;CH ;X07 ;Affections Cardio-vasculaires ;CH HCO SITE DE MONTBARD ;77;174;;1;
GHT Côte d'Or - Haute Marne;CH HCO SITE DE MONTBARD ;CH ;X08;Pneumologie ;CH HCO SITE DE MONTBARD ;43;;;1;
GHT Côte d'Or - Haute Marne;CH HCO SITE DE MONTBARD ;CH ;X03;Neurologie médicale ;CH HCO SITE DE MONTBARD ;21;;;1;
GHT Côte d'Or - Haute Marne;CH HCO SITE DE MONTBARD ;CH ;X06 ;Rhumatologie ;CH HCO SITE DE MONTBARD ;22;;;1;
GHT Côte d'Or - Haute Marne;CH HCO SITE DE MONTBARD ;CH ;X20 ;Psychiatrie ;CH HCO SITE DE MONTBARD ;11;;;1;
GHT Côte d'Or - Haute Marne;CH HCO SITE DE MONTBARD ;CH ;C09 ;"Chir. majeure de l'app. Locomoteur:
 hanche, fémur, genou, épaule";CH ROBERT MORLEVAT;57;165;;1;
GHT Côte d'Or - Haute Marne;CH HCO SITE DE MONTBARD ;CH ;X08 ;Pneumologie ;CH ROBERT MORLEVAT;50;;;1;
GHT Côte d'Or - Haute Marne;CH HCO SITE DE MONTBARD ;CH ;X07;Affections Cardio-vasculaires ;CH ROBERT MORLEVAT;23;;;1;
GHT Côte d'Or - Haute Marne;CH HCO SITE DE MONTBARD ;CH ;X03;Neurologie médicale ;CH ROBERT MORLEVAT;22;;;1;
GHT Côte d'Or - Haute Marne;CH HCO SITE DE MONTBARD ;CH ;X12 ;Uro-Néphrologie médicale (hors Séances);CH ROBERT MORLEVAT;13;;;1;
GHT Côte d'Or - Haute Marne;CH HCO SITE DE SAULIEU ;CH ;X06 ;Rhumatologie ;CH HCO SITE DE SAULIEU ;15;54;114;1;
GHT Côte d'Or - Haute Marne;CH HCO SITE DE SAULIEU ;CH ;X05 ;"
Traumatologie et ablation de matériel de l'appareil locomoteur";CH HCO SITE DE SAULIEU ;15;;;1;
GHT Côte d'Or - Haute Marne;CH HCO SITE DE SAULIEU ;CH ;X08;Pneumologie ;CH HCO SITE DE SAULIEU ;11;;;1;
GHT Côte d'Or - Haute Marne;CH HCO SITE DE SAULIEU ;CH ;X24;"Médecine inter spécialités, 
Autres symptômes ou motifs médicaux";CH HCO SITE DE SAULIEU ;13;;;1;
GHT Côte d'Or - Haute Marne;CH HCO SITE DE SAULIEU ;CH ;C09 ;"Chir. majeure de l'app. Locomoteur:
 hanche, fémur, genou, épaule";CH ROBERT MORLEVAT;26;60;;1;
GHT Côte d'Or - Haute Marne;CH HCO SITE DE SAULIEU ;CH ;X08 ;Pneumologie ;CH ROBERT MORLEVAT;18;;;1;
GHT Côte d'Or - Haute Marne;CH HCO SITE DE SAULIEU ;CH ;X07;Affections Cardio-vasculaires ;CH ROBERT MORLEVAT;16;;;1;
GHT Sud Côte-d'Or;HOSPICES CIVILS DE BEAUNE;CH;C09 ;"Chir. majeure de l'app. Locomoteur:
 hanche, fémur, genou, épaule";HOSPICES CIVILS DE BEAUNE;91;318;;1;
GHT Sud Côte-d'Or;HOSPICES CIVILS DE BEAUNE;CH;X03;Neurologie médicale;HOSPICES CIVILS DE BEAUNE;39;;;1;
GHT Sud Côte-d'Or;HOSPICES CIVILS DE BEAUNE;CH;X07 ;Affections Cardio-vasculaires;HOSPICES CIVILS DE BEAUNE;34;;;1;
GHT Sud Côte-d'Or;HOSPICES CIVILS DE BEAUNE;CH;X05;Traumatologie et ablation de matériel de l'appareil locomoteur;HOSPICES CIVILS DE BEAUNE;30;;;1;
GHT Sud Côte-d'Or;HOSPICES CIVILS DE BEAUNE;CH;X08;Pneumologie ;HOSPICES CIVILS DE BEAUNE;28;;;1;
GHT Sud Côte-d'Or;HOSPICES CIVILS DE BEAUNE;CH;X06;Rhumatologie ;HOSPICES CIVILS DE BEAUNE;32;;;1;
GHT Sud Côte-d'Or;HOSPICES CIVILS DE BEAUNE;CH;X02;Hépato-Gastro-Entérologie;HOSPICES CIVILS DE BEAUNE;22;;;1;
GHT Sud Côte-d'Or;HOSPICES CIVILS DE BEAUNE;CH;X12;Uro-Néphrologie médicale (hors Séances);HOSPICES CIVILS DE BEAUNE;18;;;1;
GHT Sud Côte-d'Or;HOSPICES CIVILS DE BEAUNE;CH;X18;"Suivi thérap. d'affections connues, Allergologie,
 Rééducation, Convalescence";HOSPICES CIVILS DE BEAUNE;13;;;1;
GHT Sud Côte-d'Or;HOSPICES CIVILS DE BEAUNE;CH;C11;"Chirurgies autres de l'appareil locomoteur, 
amputations";HOSPICES CIVILS DE BEAUNE;11;;;1;
GHT bourgogne méridionale;CH LES CHAUNAUX MACON;CH ;C09;"Chir. majeure de l'app. Locomoteur:
 hanche, fémur, genou, épaule";CH LES CHAUNAUX MACON;168;343;;1;
GHT bourgogne méridionale;CH LES CHAUNAUX MACON;CH ;X08;Pneumologie ;CH LES CHAUNAUX MACON;69;;;1;
GHT bourgogne méridionale;CH LES CHAUNAUX MACON;CH ;X03;Neurologie médicale ;CH LES CHAUNAUX MACON;43;;;1;
GHT bourgogne méridionale;CH LES CHAUNAUX MACON;CH ;X06;Rhumatologie ;CH LES CHAUNAUX MACON;12;;;1;
GHT bourgogne méridionale;CH LES CHAUNAUX MACON;CH ;X07;Affection Cardio-vasculaires;CH LES CHAUNAUX MACON;13;;;1;
GHT bourgogne méridionale;CH LES CHAUNAUX MACON;CH ;X05;"
Traumatologie et ablation de matériel de l'appareil locomoteur";CH LES CHAUNAUX MACON;14;;;1;
GHT bourgogne méridionale;CH LES CHAUNAUX MACON;CH ;X02;Hépato-Gastro-Entérologie ;CH LES CHAUNAUX MACON;12;;;1;
GHT bourgogne méridionale;CH LES CHAUNAUX MACON;CH ;C11;"Chirurgies autres de l'appareil locomoteur, 
amputations";CH LES CHAUNAUX MACON;12;;;1;
GHT bourgogne méridionale;KORIAN LE TINAILLER ;Privé ;C09;"Chir. majeure de l'app. Locomoteur:
 hanche, fémur, genou, épaule";CH LES CHAUNAUX MACON;85;229;;1;
GHT bourgogne méridionale;KORIAN LE TINAILLER ;Privé ;X08;Pneumologie ;CH LES CHAUNAUX MACON;31;;;1;
GHT bourgogne méridionale;KORIAN LE TINAILLER ;Privé ;X03;Neurologie médicale ;CH LES CHAUNAUX MACON;23;;;1;
GHT bourgogne méridionale;KORIAN LE TINAILLER ;Privé ;X06;Rhumatologie ;CH LES CHAUNAUX MACON;24;;;1;
GHT bourgogne méridionale;KORIAN LE TINAILLER ;Privé ;X07;Affection Cardio-vasculaires;CH LES CHAUNAUX MACON;20;;;1;
GHT bourgogne méridionale;KORIAN LE TINAILLER ;Privé ;X05;"
Traumatologie et ablation de matériel de l'appareil locomoteur";CH LES CHAUNAUX MACON;21;;;1;
GHT bourgogne méridionale;KORIAN LE TINAILLER ;Privé ;C11;"Chirurgies autres de l'appareil locomoteur, 
amputations";CH LES CHAUNAUX MACON;13;;;1;
GHT bourgogne méridionale;KORIAN LE TINAILLER ;Privé ;X16;Affections et traumatismes de la peau, gelures;CH LES CHAUNAUX MACON;12;;;1;
GHT bourgogne méridionale;CH DU CLUNISOIS;CH ;C09;"Chir. majeure de l'app. Locomoteur:
 hanche, fémur, genou, épaule";CH LES CHAUNAUX MACON;39;140;;1;
GHT bourgogne méridionale;CH DU CLUNISOIS;CH ;X08;Pneumologie ;CH LES CHAUNAUX MACON;20;;;1;
GHT bourgogne méridionale;CH DU CLUNISOIS;CH ;X03;Neurologie médicale ;CH LES CHAUNAUX MACON;18;;;1;
GHT bourgogne méridionale;CH DU CLUNISOIS;CH ;X06;Rhumatologie ;CH LES CHAUNAUX MACON;17;;;1;
GHT bourgogne méridionale;CH DU CLUNISOIS;CH ;X07;Affection Cardio-vasculaires;CH LES CHAUNAUX MACON;11;;;1;
GHT bourgogne méridionale;CH DU CLUNISOIS;CH ;X05;"
Traumatologie et ablation de matériel de l'appareil locomoteur";CH LES CHAUNAUX MACON;12;;;1;
GHT bourgogne méridionale;CH DU CLUNISOIS;CH ;X02;Hépato-Gastro-Entérologie ;CH LES CHAUNAUX MACON;11;;;1;
GHT bourgogne méridionale;CH DU CLUNISOIS;CH ;C11;"Chirurgies autres de l'appareil locomoteur, 
amputations";CH LES CHAUNAUX MACON;12;;;1;
GHT bourgogne méridionale;CHIC AIN VAL DE SAONE - PONT VEYLE;CH ;C09;"Chir. majeure de l'app. Locomoteur:
 hanche, fémur, genou, épaule";CH LES CHAUNAUX MACON;27;43;;1;
GHT bourgogne méridionale;CHIC AIN VAL DE SAONE - PONT VEYLE;CH ;X08;Pneumologie ;CH LES CHAUNAUX MACON;16;;;1;
GHT bourgogne méridionale;CHIC AIN VAL DE SAONE - THOISSEY;CH ;C09;"Chir. majeure de l'app. Locomoteur:
 hanche, fémur, genou, épaule";CH LES CHAUNAUX MACON;26;99;;1;
GHT bourgogne méridionale;CHIC AIN VAL DE SAONE - THOISSEY;CH ;X08;Pneumologie ;CH LES CHAUNAUX MACON;15;;;1;
GHT bourgogne méridionale;CHIC AIN VAL DE SAONE - THOISSEY;CH ;X06;Rhumatologie ;CH LES CHAUNAUX MACON;13;;;1;
GHT bourgogne méridionale;CHIC AIN VAL DE SAONE - THOISSEY;CH ;X07;Affection Cardio-vasculaires;CH LES CHAUNAUX MACON;16;;;1;
GHT bourgogne méridionale;CHIC AIN VAL DE SAONE - THOISSEY;CH ;X05;"
Traumatologie et ablation de matériel de l'appareil locomoteur";CH LES CHAUNAUX MACON;11;;;1;
GHT bourgogne méridionale;CHIC AIN VAL DE SAONE - THOISSEY;CH ;X02;Hépato-Gastro-Entérologie ;CH LES CHAUNAUX MACON;18;;;1;
GHT bourgogne méridionale;CH DE PONT DE VAUX;CH ;C09;"Chir. majeure de l'app. Locomoteur:
 hanche, fémur, genou, épaule";CH LES CHAUNAUX MACON;21;21;;1;
GHT bourgogne méridionale;CH BELANY ;CH ;C09;"Chir. majeure de l'app. Locomoteur:
 hanche, fémur, genou, épaule";CH LES CHAUNAUX MACON;20;31;;1;
GHT bourgogne méridionale;CH BELANY ;CH ;X07;Affection Cardio-vasculaires;CH LES CHAUNAUX MACON;11;;;1;
GHT bourgogne méridionale;CH BELANY ;CH ;X20 ;Psychiatrie ;CH BELNAY ;25;66;;1;
GHT bourgogne méridionale;CH BELANY ;CH ;X08;Pneumologie ;CH BELNAY ;22;;;1;
GHT bourgogne méridionale;CH BELANY ;CH ;X24;"Médecine inter spécialités, 
Autres symptômes ou motifs médicaux";CH BELNAY ;19;;;1;
GHT bourgogne méridionale;CH ALIGRE BOURBON LANCY;CH ;X06;Rhumatologie ;CH ALIGRE BOURBON LANCY;17;45;;1;
GHT bourgogne méridionale;CH ALIGRE BOURBON LANCY;CH ;X05;"
Traumatologie et ablation de matériel de l'appareil locomoteur";CH ALIGRE BOURBON LANCY;17;;;1;
GHT bourgogne méridionale;CH ALIGRE BOURBON LANCY;CH ;X03;Neurologie médicale ;CH ALIGRE BOURBON LANCY;11;;;1;
GHT bourgogne méridionale;CH DU PAYS CHAROLAIS BRIONNAIS ;CH ;C09;"Chir. majeure de l'app. Locomoteur:
 hanche, fémur, genou, épaule";CH DU PAYS CHAROLAIS BRIONNAIS ;70;623;;1;
GHT bourgogne méridionale;CH DU PAYS CHAROLAIS BRIONNAIS ;CH ;X08;Pneumologie ;CH DU PAYS CHAROLAIS BRIONNAIS ;72;;;1;
GHT bourgogne méridionale;CH DU PAYS CHAROLAIS BRIONNAIS ;CH ;X07;Affection Cardio-vasculaires;CH DU PAYS CHAROLAIS BRIONNAIS ;66;;;1;
GHT bourgogne méridionale;CH DU PAYS CHAROLAIS BRIONNAIS ;CH ;X03;Neurologie médicale ;CH DU PAYS CHAROLAIS BRIONNAIS ;49;;;1;
GHT bourgogne méridionale;CH DU PAYS CHAROLAIS BRIONNAIS ;CH ;X06;Rhumatologie ;CH DU PAYS CHAROLAIS BRIONNAIS ;61;;;1;
GHT bourgogne méridionale;CH DU PAYS CHAROLAIS BRIONNAIS ;CH ;X05;"
Traumatologie et ablation de matériel de l'appareil locomoteur";CH DU PAYS CHAROLAIS BRIONNAIS ;43;;;1;
GHT bourgogne méridionale;CH DU PAYS CHAROLAIS BRIONNAIS ;CH ;X02;Hépato-Gastro-Entérologie ;CH DU PAYS CHAROLAIS BRIONNAIS ;48;;;1;
GHT bourgogne méridionale;CH DU PAYS CHAROLAIS BRIONNAIS ;CH ;X20 ;Psychiatrie ;CH DU PAYS CHAROLAIS BRIONNAIS ;38;;;1;
GHT bourgogne méridionale;CH DU PAYS CHAROLAIS BRIONNAIS ;CH ;X24;"Médecine inter spécialités, 
Autres symptômes ou motifs médicaux";CH DU PAYS CHAROLAIS BRIONNAIS ;30;;;1;
GHT bourgogne méridionale;CH DU PAYS CHAROLAIS BRIONNAIS ;CH ;C11;"Chirurgies autres de l'appareil locomoteur, 
amputations";CH DU PAYS CHAROLAIS BRIONNAIS ;16;;;1;
GHT bourgogne méridionale;CH DU PAYS CHAROLAIS BRIONNAIS ;CH ;X12;Uro-Néphrologie médicale (hors Séances);CH DU PAYS CHAROLAIS BRIONNAIS ;28;;;1;
GHT bourgogne méridionale;CH DU PAYS CHAROLAIS BRIONNAIS ;CH ;X18;Affections et traumatismes de la peau, gelures;CH DU PAYS CHAROLAIS BRIONNAIS ;27;;;1;
GHT bourgogne méridionale;CH DU PAYS CHAROLAIS BRIONNAIS ;CH ;C06;"Chir. Digestive majeure : oesophage, 
estomac, grêle, côlon, rectum";CH DU PAYS CHAROLAIS BRIONNAIS ;18;;;1;
GHT bourgogne méridionale;CH DU PAYS CHAROLAIS BRIONNAIS ;CH ;X14;"Maladies immunitaires, du Sang, des Organes 
hématopoïétiques, Tumeurs SID";CH DU PAYS CHAROLAIS BRIONNAIS ;16;;;1;
GHT bourgogne méridionale;CH DU PAYS CHAROLAIS BRIONNAIS ;CH ;X04;Commotions cérébrales, Traumatismes crâniens;CH DU PAYS CHAROLAIS BRIONNAIS ;14;;;1;
GHT bourgogne méridionale;CH DU PAYS CHAROLAIS BRIONNAIS ;CH ;X22;Douleur et soins palliatifs;CH DU PAYS CHAROLAIS BRIONNAIS ;16;;;1;
GHT bourgogne méridionale;CH DU PAYS CHAROLAIS BRIONNAIS ;CH ;X09 ;ORL, Stomato ;CH DU PAYS CHAROLAIS BRIONNAIS ;11;;;1;
GHT bourgogne méridionale;CH PAYS CHAROLAIS BRIONNAIS CHAROLLES ;CH ;C09;"Chir. majeure de l'app. Locomoteur:
 hanche, fémur, genou, épaule";CH DU PAYS CHAROLAIS BRIONNAIS ;49;181;;1;
GHT bourgogne méridionale;CH PAYS CHAROLAIS BRIONNAIS CHAROLLES ;CH ;X08;Pneumologie ;CH DU PAYS CHAROLAIS BRIONNAIS ;43;;;1;
GHT bourgogne méridionale;CH PAYS CHAROLAIS BRIONNAIS CHAROLLES ;CH ;X07;Affection Cardio-vasculaires;CH DU PAYS CHAROLAIS BRIONNAIS ;18;;;1;
GHT bourgogne méridionale;CH PAYS CHAROLAIS BRIONNAIS CHAROLLES ;CH ;X03;Neurologie médicale ;CH DU PAYS CHAROLAIS BRIONNAIS ;24;;;1;
GHT bourgogne méridionale;CH PAYS CHAROLAIS BRIONNAIS CHAROLLES ;CH ;X06;Rhumatologie ;CH DU PAYS CHAROLAIS BRIONNAIS ;14;;;1;
GHT bourgogne méridionale;CH PAYS CHAROLAIS BRIONNAIS CHAROLLES ;CH ;X05;"
Traumatologie et ablation de matériel de l'appareil locomoteur";CH DU PAYS CHAROLAIS BRIONNAIS ;18;;;1;
GHT bourgogne méridionale;CH PAYS CHAROLAIS BRIONNAIS CHAROLLES ;CH ;X02;Hépato-Gastro-Entérologie ;CH DU PAYS CHAROLAIS BRIONNAIS ;15;;;1;
GHT bourgogne méridionale;CRF LES BOURBONNAIS ;PSPH/EBNL;C09;"Chir. majeure de l'app. Locomoteur:
 hanche, fémur, genou, épaule";CH DU PAYS CHAROLAIS BRIONNAIS ;31;42;;1;
GHT bourgogne méridionale;CRF LES BOURBONNAIS ;PSPH/EBNL;X03;Neurologie médicale ;CH DU PAYS CHAROLAIS BRIONNAIS ;11;;;1;
GHT bourgogne méridionale;CENTRE SSR DU CHALONNAIS ;Privé ;C07;Chir. Viscérale;CH DU PAYS CHAROLAIS BRIONNAIS ;24;24;;1;
GHT de la Nièvre;CH COSNE COURS SUR LOIRE;CH;X08;Pneumologie ;CH COSNE COURS SUR LOIRE;21;35;47;1;
GHT de la Nièvre;CH COSNE COURS SUR LOIRE;CH;X03;Neurologie ;CH COSNE COURS SUR LOIRE;14;;;1;
GHT de la Nièvre;CH COSNE COURS SUR LOIRE;CH;C09;"Chir. majeure de l'app. Locomoteur:
 hanche, fémur, genou, épaule";HÔPITAL PIERRE BEREGOVOY;12;12;;1;
GHT de la Nièvre;CH DECIZE;CH;X20 ;Psychiatrie ;CH DECIZE;36;138;157;1;
GHT de la Nièvre;CH DECIZE;CH;X07;Affections Cardio-vasculaires ;CH DECIZE;24;;;1;
GHT de la Nièvre;CH DECIZE;CH;X06;Rhumatologie ;CH DECIZE;28;;;1;
GHT de la Nièvre;CH DECIZE;CH;X03;Neurologie médicale ;CH DECIZE;13;;;1;
GHT de la Nièvre;CH DECIZE;CH;X08;Pneumologie ;CH DECIZE;19;;;1;
GHT de la Nièvre;CH DECIZE;CH;X15;"Diabète, Maladies métaboliques,
 Endocrinologie (hors complications)";CH DECIZE;18;;;1;
GHT de la Nièvre;CH DECIZE;CH;C09;"Chir. majeure de l'app. Locomoteur:
 hanche, fémur, genou, épaule";HÔPITAL PIERRE BEREGOVOY;19;19;;1;
GHT de la Nièvre;CENTRE MÉDICAL DE LA VENERIE;Privé;X21;Effets nocifs, alcool, toxicologie, allergies;CH DECIZE;17;17;180;1;
GHT de la Nièvre;CENTRE MÉDICAL DE LA VENERIE;Privé;C09;"Chir. majeure de l'app. Locomoteur:
 hanche, fémur, genou, épaule";HÔPITAL PIERRE BEREGOVOY;56;163;;1;
GHT de la Nièvre;CENTRE MÉDICAL DE LA VENERIE;Privé;X08;Pneumologie ;HÔPITAL PIERRE BEREGOVOY;11;;;1;
GHT de la Nièvre;CENTRE MÉDICAL DE LA VENERIE;Privé;X07;Affections Cardio-vasculaires ;HÔPITAL PIERRE BEREGOVOY;28;;;1;
GHT de la Nièvre;CENTRE MÉDICAL DE LA VENERIE;Privé;X02;Hépato-Gastro-Entérologie ;HÔPITAL PIERRE BEREGOVOY;13;;;1;
GHT de la Nièvre;CENTRE MÉDICAL DE LA VENERIE;Privé;C11;"Chirurgies autres de l'appareil locomoteur, 
amputations";HÔPITAL PIERRE BEREGOVOY;16;;;1;
GHT de la Nièvre;CENTRE MÉDICAL DE LA VENERIE;Privé;X05 ;"
Traumatologie et ablation de matériel de l'appareil locomoteur";HÔPITAL PIERRE BEREGOVOY;13;;;1;
GHT de la Nièvre;CENTRE MÉDICAL DE LA VENERIE;Privé;X21;Effets nocifs, alcool, toxicologie, allergies;HÔPITAL PIERRE BEREGOVOY;13;;;1;
GHT de la Nièvre;CENTRE MÉDICAL DE LA VENERIE;Privé;K05;"Cathétérismes vasculaires diagnostiques
 et interventionnels";HÔPITAL PIERRE BEREGOVOY;13;;;1;
GHT de la Nièvre;CLINEA;Privé;C09;"Chir. majeure de l'app. Locomoteur:
 hanche, fémur, genou, épaule";HÔPITAL PIERRE BEREGOVOY;92;250;;1;
GHT de la Nièvre;CLINEA;Privé;X03;Neurologie médicale ;HÔPITAL PIERRE BEREGOVOY;14;;;1;
GHT de la Nièvre;CLINEA;Privé;X08;Pneumologie ;HÔPITAL PIERRE BEREGOVOY;41;;;1;
GHT de la Nièvre;CLINEA;Privé;X07;Affections Cardio-vasculaires ;HÔPITAL PIERRE BEREGOVOY;25;;;1;
GHT de la Nièvre;CLINEA;Privé;X02;Hépato-Gastro-Entérologie ;HÔPITAL PIERRE BEREGOVOY;16;;;1;
GHT de la Nièvre;CLINEA;Privé;C11;"Chirurgies autres de l'appareil locomoteur, 
amputations";HÔPITAL PIERRE BEREGOVOY;14;;;1;
GHT de la Nièvre;CLINEA;Privé;X06;Rhumatologie ;HÔPITAL PIERRE BEREGOVOY;21;;;1;
GHT de la Nièvre;CLINEA;Privé;X05 ;"
Traumatologie et ablation de matériel de l'appareil locomoteur";HÔPITAL PIERRE BEREGOVOY;16;;;1;
GHT de la Nièvre;CLINEA;Privé;X16;Affections et traumatismes de la peau, gelures;HÔPITAL PIERRE BEREGOVOY;11;;;1;
GHT de la Nièvre;CRF PASORI ;Privé ;C09;"Chir. majeure de l'app. Locomoteur:
 hanche, fémur, genou, épaule";HÔPITAL PIERRE BEREGOVOY;33;84;;1;
GHT de la Nièvre;CRF PASORI ;Privé ;X03;Neurologie médicale ;HÔPITAL PIERRE BEREGOVOY;32;;;1;
GHT de la Nièvre;CRF PASORI ;Privé ;C11;"Chirurgies autres de l'appareil locomoteur, 
amputations";HÔPITAL PIERRE BEREGOVOY;19;;;1;
GHT de la Nièvre;CENTRE COLBERT MEDECINE ET SSR;CH;C09;"Chir. majeure de l'app. Locomoteur:
 hanche, fémur, genou, épaule";HÔPITAL PIERRE BEREGOVOY;23;102;137;1;
GHT de la Nièvre;CENTRE COLBERT MEDECINE ET SSR;CH;X03;Neurologie médicale ;HÔPITAL PIERRE BEREGOVOY;14;;;1;
GHT de la Nièvre;CENTRE COLBERT MEDECINE ET SSR;CH;X08;Pneumologie ;HÔPITAL PIERRE BEREGOVOY;27;;;1;
GHT de la Nièvre;CENTRE COLBERT MEDECINE ET SSR;CH;X07;Affections Cardio-vasculaires ;HÔPITAL PIERRE BEREGOVOY;18;;;1;
GHT de la Nièvre;CENTRE COLBERT MEDECINE ET SSR;CH;X02;Hépato-Gastro-Entérologie ;HÔPITAL PIERRE BEREGOVOY;20;;;1;
GHT de la Nièvre;CENTRE COLBERT MEDECINE ET SSR;CH;X20 ;Psychiatrie ;CENTRE COLBERT MEDECINE ET SSR;19;35;;1;
GHT de la Nièvre;CENTRE COLBERT MEDECINE ET SSR;CH;X06;Rhumatologie ;CENTRE COLBERT MEDECINE ET SSR;16;;;1;
GHT de la Nièvre;LE RECONFORT ;Privé ;C09;"Chir. majeure de l'app. Locomoteur:
 hanche, fémur, genou, épaule";HÔPITAL PIERRE BEREGOVOY;14;14;;1;
GHT de la Nièvre;HÔPITAL PIERRE BEREGOVOY;CH ;X03;Neurologie médicale ;HÔPITAL PIERRE BEREGOVOY;54;54;;1;
GHT de la Nièvre;INSTITUT MEDICAL DE SOLOGNE ;Privé ;X18;"Suivi thérap. d'affections connues, Allergologie,
 Rééducation, Convalescence";HÔPITAL PIERRE BEREGOVOY;19;19;;1;
GHT de la Nièvre;CH CHATEAU-CHINON;CH;X05 ;"
Traumatologie et ablation de matériel de l'appareil locomoteur";CH CHATEAU-CHINON;11;11;;1;
GHT  Nord-Yonne;CROIX ROUGE FRANCAISE MIGENNES;PSPH/EBNL;C09 ;"Chir. majeure de l'app. Locomoteur:
 hanche, fémur, genou, épaule";CH SENS ;60;71;;1;
GHT  Nord-Yonne;CROIX ROUGE FRANCAISE MIGENNES;PSPH/EBNL;C11;"Chirurgies autres de l'appareil locomoteur, 
amputations";CH SENS ;11;;;1;
GHT  Nord-Yonne;HL R BONNION VILLENEUVE-SUR-YONNE;CH ;C09 ;"Chir. majeure de l'app. Locomoteur:
 hanche, fémur, genou, épaule";CH SENS ;42;104;;1;
GHT  Nord-Yonne;HL R BONNION VILLENEUVE-SUR-YONNE;CH ;X08 ;Pneumologie ;CH SENS ;22;;;1;
GHT  Nord-Yonne;HL R BONNION VILLENEUVE-SUR-YONNE;CH ;X07 ;Affections Cardio-vasculaires ;CH SENS ;16;;;1;
GHT  Nord-Yonne;HL R BONNION VILLENEUVE-SUR-YONNE;CH ;X06;Rhumatologie ;CH SENS ;13;;;1;
GHT  Nord-Yonne;HL R BONNION VILLENEUVE-SUR-YONNE;CH ;X02 ;Hépato-Gastro-Entérologie ;CH SENS ;11;;;1;
GHT  Nord-Yonne;MOYEN SEJOUR CH SENS ;CH ;C09 ;"Chir. majeure de l'app. Locomoteur:
 hanche, fémur, genou, épaule";CH SENS ;25;247;;1;
GHT  Nord-Yonne;MOYEN SEJOUR CH SENS ;CH ;X08 ;Pneumologie ;CH SENS ;66;;;1;
GHT  Nord-Yonne;MOYEN SEJOUR CH SENS ;CH ;X03;Neurologie médicale;CH SENS ;24;;;1;
GHT  Nord-Yonne;MOYEN SEJOUR CH SENS ;CH ;X07 ;Affections Cardio-vasculaires ;CH SENS ;19;;;1;
GHT  Nord-Yonne;MOYEN SEJOUR CH SENS ;CH ;X06;Rhumatologie ;CH SENS ;21;;;1;
GHT  Nord-Yonne;MOYEN SEJOUR CH SENS ;CH ;X20 ;Psychiatrie ;CH SENS ;35;;;1;
GHT  Nord-Yonne;MOYEN SEJOUR CH SENS ;CH ;X02 ;Hépato-Gastro-Entérologie ;CH SENS ;12;;;1;
GHT  Nord-Yonne;MOYEN SEJOUR CH SENS ;CH ;X05 ;"
Traumatologie et ablation de matériel de l'appareil locomoteur";CH SENS ;13;;;1;
GHT  Nord-Yonne;MOYEN SEJOUR CH SENS ;CH ;X12;Uro-Néphrologie médicale (hors Séances);CH SENS ;18;;;1;
GHT  Nord-Yonne;MOYEN SEJOUR CH SENS ;CH ;X16;Affections et traumatismes de la peau, gelures;CH SENS ;14;;;1;
GHT  Nord-Yonne;CRF INSTITUT ASCLEPIADE;Privé ;C09 ;"Chir. majeure de l'app. Locomoteur:
 hanche, fémur, genou, épaule";CH SENS ;22;34;;1;
GHT  Nord-Yonne;CRF INSTITUT ASCLEPIADE;Privé ;X03;Neurologie médicale;CH SENS ;12;;;1;
GHT  Nord-Yonne;MAISON DE REPOS STE COLOMBE;Privé ;C09 ;"Chir. majeure de l'app. Locomoteur:
 hanche, fémur, genou, épaule";CH SENS ;20;182;;1;
GHT  Nord-Yonne;MAISON DE REPOS STE COLOMBE;Privé ;X08 ;Pneumologie ;CH SENS ;23;;;1;
GHT  Nord-Yonne;MAISON DE REPOS STE COLOMBE;Privé ;X03;Neurologie médicale;CH SENS ;19;;;1;
GHT  Nord-Yonne;MAISON DE REPOS STE COLOMBE;Privé ;X07 ;Affections Cardio-vasculaires ;CH SENS ;25;;;1;
GHT  Nord-Yonne;MAISON DE REPOS STE COLOMBE;Privé ;X06;Rhumatologie ;CH SENS ;22;;;1;
GHT  Nord-Yonne;MAISON DE REPOS STE COLOMBE;Privé ;X20 ;Psychiatrie ;CH SENS ;11;;;1;
GHT  Nord-Yonne;MAISON DE REPOS STE COLOMBE;Privé ;X02 ;Hépato-Gastro-Entérologie ;CH SENS ;19;;;1;
GHT  Nord-Yonne;MAISON DE REPOS STE COLOMBE;Privé ;C11;"Chirurgies autres de l'appareil locomoteur, 
amputations";CH SENS ;12;;;1;
GHT  Nord-Yonne;MAISON DE REPOS STE COLOMBE;Privé ;X05 ;"
Traumatologie et ablation de matériel de l'appareil locomoteur";CH SENS ;16;;;1;
GHT  Nord-Yonne;MAISON DE REPOS STE COLOMBE;Privé ;X12;Uro-Néphrologie médicale (hors Séances);CH SENS ;15;;;1;
GHT  Nord-Yonne;CH DU TONNEROIS ;CH ;C09 ;"Chir. majeure de l'app. Locomoteur:
 hanche, fémur, genou, épaule";CH SENS ;18;18;;1;
GHT  Nord-Yonne;CH JOIGNY ;CH ;C09 ;"Chir. majeure de l'app. Locomoteur:
 hanche, fémur, genou, épaule";CH SENS ;21;21;108;1;
GHT  Nord-Yonne;CH JOIGNY ;CH ;X08 ;Pneumologie ;CH JOIGNY ;19;87;;1;
GHT  Nord-Yonne;CH JOIGNY ;CH ;X07 ;Affections Cardio-vasculaires ;CH JOIGNY ;31;;;1;
GHT  Nord-Yonne;CH JOIGNY ;CH ;X06;Rhumatologie ;CH JOIGNY ;21;;;1;
GHT  Nord-Yonne;CH JOIGNY ;CH ;X03;Neurologie médicale;CH JOIGNY ;16;;;1;
GHT  Nord-Yonne;ÉTABLISSEMENT SOINS DE SUITE LE PETIT PIEN;Privé ;X03;Neurologie médicale;CH SENS ;11;11;49;1;
GHT  Nord-Yonne;ÉTABLISSEMENT SOINS DE SUITE LE PETIT PIEN;Privé ;X08 ;Pneumologie ;CH JOIGNY ;27;38;;1;
GHT  Nord-Yonne;ÉTABLISSEMENT SOINS DE SUITE LE PETIT PIEN;Privé ;X06;Rhumatologie ;CH JOIGNY ;11;;;1;
None;CENTRE ORTHOPEDIQUE MEDICO-CHIR;Privé;C09 ;"Chir. majeure de l'app. Locomoteur:
 hanche, fémur, genou, épaule";CENTRE ORTHOPEDIQUE MEDICO-CHIR;376;489;;;
None;CENTRE ORTHOPEDIQUE MEDICO-CHIR;Privé;C10 ;Arthroscopies, Biopsies ostéo-articulaires;CENTRE ORTHOPEDIQUE MEDICO-CHIR;69;;;;
None;CENTRE ORTHOPEDIQUE MEDICO-CHIR;Privé;C11;Chirurgies autres de l'appareil locomoteur, amputations;CENTRE ORTHOPEDIQUE MEDICO-CHIR;33;;;;
None;CENTRE ORTHOPEDIQUE MEDICO-CHIR;Privé;X06;Rhumatologie;CENTRE ORTHOPEDIQUE MEDICO-CHIR;11;;;;
None;POLYCLINIQUE STE MARGUERITE;Privé;C09 ;"Chir. majeure de l'app. Locomoteur:
 hanche, fémur, genou, épaule";POLYCLINIQUE STE MARGUERITE;106;125;;;
None;POLYCLINIQUE STE MARGUERITE;Privé;C11;Chirurgies autres de l'appareil locomoteur, amputations;POLYCLINIQUE STE MARGUERITE;19;;;;
None;CH DU TONNERROIS;CH;C09 ;"Chir. majeure de l'app. Locomoteur:
 hanche, fémur, genou, épaule";POLYCLINIQUE STE MARGUERITE;14;14;65;;
None;CH DU TONNERROIS;CH;C09 ;"Chir. majeure de l'app. Locomoteur:
 hanche, fémur, genou, épaule";HOPITAL PRIVE DIJON BOURGOGNE;23;51;;;
None;CH DU TONNERROIS;CH;C02;Chirurgie du rachis, Neuro-chirurgie;HOPITAL PRIVE DIJON BOURGOGNE;28;;;;
None;ÉTABLISSEMENT SOINS DE SUITE LE PETIT PIEN;Privé;C09 ;"Chir. majeure de l'app. Locomoteur:
 hanche, fémur, genou, épaule";POLYCLINIQUE STE MARGUERITE;12;12;;;
None;KORIAN LE TINAILLER;Privé;C09 ;"Chir. majeure de l'app. Locomoteur:
 hanche, fémur, genou, épaule";HOPITAL PRIVE SAINTE MARIE;44;72;87;;
None;KORIAN LE TINAILLER;Privé;C10 ;Arthroscopies, Biopsies ostéo-articulaires;HOPITAL PRIVE SAINTE MARIE;28;;;;
None;KORIAN LE TINAILLER;Privé;C09 ;"Chir. majeure de l'app. Locomoteur:
 hanche, fémur, genou, épaule";POLYCLINIQUE DU VAL DE SAONE ;15;15;;;
None;HÔPITAL PRIVÉ SAINTE MARIE;Privé;X22;Douleur et soins palliatifs ;HOPITAL PRIVE SAINTE MARIE;21;60;;;
None;HÔPITAL PRIVÉ SAINTE MARIE;Privé;X08;Pneumologie ;HOPITAL PRIVE SAINTE MARIE;13;;;;
None;HÔPITAL PRIVÉ SAINTE MARIE;Privé;X24;Médecine inter spécialités, Autres symptômes ou motifs médicaux;HOPITAL PRIVE SAINTE MARIE;14;;;;
None;HÔPITAL PRIVÉ SAINTE MARIE;Privé;X07 ;Affection cardio-vasculaire ;HOPITAL PRIVE SAINTE MARIE;12;;;;
None;POLYCLINIQUE DU VAL DE SAONE;Privé;C09 ;"Chir. majeure de l'app. Locomoteur:
 hanche, fémur, genou, épaule";POLYCLINIQUE DU VAL DE SAONE ;94;155;;;
None;POLYCLINIQUE DU VAL DE SAONE;Privé;C02;Chirurgie du rachis, Neuro-chirurgie;POLYCLINIQUE DU VAL DE SAONE ;32;;;;
None;POLYCLINIQUE DU VAL DE SAONE;Privé;C06;Chir. Digestive majeure : oesophage, estomac, grêle, côlon, rectum;POLYCLINIQUE DU VAL DE SAONE ;15;;;;
None;POLYCLINIQUE DU VAL DE SAONE;Privé;C07;Chir. Viscérale autre : rate, grêle, colon, proctologie, hernies;POLYCLINIQUE DU VAL DE SAONE ;14;;;;
None;CRF PASORI;Privé;C09 ;"Chir. majeure de l'app. Locomoteur:
 hanche, fémur, genou, épaule";POLYCLINIQUE DU VAL DE LOIRE;68;68;;;
None;CLINEA;Privé;C09 ;"Chir. majeure de l'app. Locomoteur:
 hanche, fémur, genou, épaule";POLYCLINIQUE DU VAL DE LOIRE;63;91;;;
None;CLINEA;Privé;X22;Douleur et soins palliatifs ;POLYCLINIQUE DU VAL DE LOIRE;28;;;;
None;CRF DIVIO;Privé;C09 ;"Chir. majeure de l'app. Locomoteur:
 hanche, fémur, genou, épaule";POLYCLINIQUE DU PARC DREVON;12;12;153;;
None;CRF DIVIO;Privé;C09 ;"Chir. majeure de l'app. Locomoteur:
 hanche, fémur, genou, épaule";HOPITAL PRIVE DIJON BOURGOGNE;141;141;;;
None;C.R.B. LES ROSIERS;Privé;C09 ;"Chir. majeure de l'app. Locomoteur:
 hanche, fémur, genou, épaule";POLYCLINIQUE DU PARC DREVON;11;11;;;
None;C.R.B. LES ROSIERS;Privé;C09 ;"Chir. majeure de l'app. Locomoteur:
 hanche, fémur, genou, épaule";HOPITAL PRIVE DIJON BOURGOGNE;269;342;;;
None;C.R.B. LES ROSIERS;Privé;C02;Chirurgie du rachis, Neuro-chirurgie;HOPITAL PRIVE DIJON BOURGOGNE;17;;;;
None;C.R.B. LES ROSIERS;Privé;C11;Chirurgies autres de l'appareil locomoteur, amputations;HOPITAL PRIVE DIJON BOURGOGNE;26;;;;
None;C.R.B. LES ROSIERS;Privé;C10 ;Arthroscopies, Biopsies ostéo-articulaires;HOPITAL PRIVE DIJON BOURGOGNE;30;;;;
None;SSR EDITH CAVELL;Privé;X08;Pneumologie ;CLINIQUE MEDICO-CHIRURGICALE;20;84;128;;
None;SSR EDITH CAVELL;Privé;C09 ;"Chir. majeure de l'app. Locomoteur:
 hanche, fémur, genou, épaule";CLINIQUE MEDICO-CHIRURGICALE;13;;;;
None;SSR EDITH CAVELL;Privé;C07;Chir. Viscérale autre : rate, grêle, colon, proctologie, hernies;CLINIQUE MEDICO-CHIRURGICALE;16;;;;
None;SSR EDITH CAVELL;Privé;X02;Hépato-Gastro-Entérologie;CLINIQUE MEDICO-CHIRURGICALE;13;;;;
None;SSR EDITH CAVELL;Privé;C19;Chirurgie Urologique;CLINIQUE MEDICO-CHIRURGICALE;11;;;;
None;SSR EDITH CAVELL;Privé;X03;Neurologie médicale;CLINIQUE MEDICO-CHIRURGICALE;11;;;;
None;SSR EDITH CAVELL;Privé;C09 ;"Chir. majeure de l'app. Locomoteur:
 hanche, fémur, genou, épaule";HOPITAL PRIVE DIJON BOURGOGNE;44;44;;;
None;CLINIQUE DU MORVAN SA;Privé;C09 ;"Chir. majeure de l'app. Locomoteur:
 hanche, fémur, genou, épaule";CLINIQUE DU PARC ;55;55;;;
None;CH LES MARRONNIERS;CH;C09 ;"Chir. majeure de l'app. Locomoteur:
 hanche, fémur, genou, épaule";CLINIQUE DU PARC ;32;32;;;
None;CRF LE BOURBONNAIS;PSPH/EBNL;C09 ;"Chir. majeure de l'app. Locomoteur:
 hanche, fémur, genou, épaule";CLINIQUE DU PARC ;12;12;23;;
None;CRF LE BOURBONNAIS;PSPH/EBNL;C02;Chirurgie du rachis, Neuro-chirurgie;HOPITAL PRIVE DIJON BOURGOGNE;11;11;;;
None;CMPR L'A.D.A.P.T. LOIRET;PSPH/EBNL;C09 ;"Chir. majeure de l'app. Locomoteur:
 hanche, fémur, genou, épaule";CLINIQUE PAUL PIQUET ;36;36;;;
None;CROIX ROUGE FRANCAISE MIGENNES;PSPH/EBNL;C09 ;"Chir. majeure de l'app. Locomoteur:
 hanche, fémur, genou, épaule";CLINIQUE PAUL PIQUET ;23;23;;;
None;CRF INSTITUT ASCLEPIADE;Privé;C09 ;"Chir. majeure de l'app. Locomoteur:
 hanche, fémur, genou, épaule";CLINIQUE PAUL PIQUET ;12;12;;;
None;CENTRE DE CONVALESCENCE;Privé;C09 ;"Chir. majeure de l'app. Locomoteur:
 hanche, fémur, genou, épaule";HOPITAL PRIVE DIJON BOURGOGNE;33;49;;;
None;CENTRE DE CONVALESCENCE;Privé;C02;Chirurgie du rachis, Neuro-chirurgie;HOPITAL PRIVE DIJON BOURGOGNE;16;;;;
None;CH HCO SITE DE MONTBARD;CH;C09 ;"Chir. majeure de l'app. Locomoteur:
 hanche, fémur, genou, épaule";HOPITAL PRIVE DIJON BOURGOGNE;16;16;;;
None;CENTRE SSR DU CHALONNAIS;Privé;C07;Chir. Viscérale autre : rate, grêle, colon, proctologie, hernies;HOPITAL PRIVE DIJON BOURGOGNE;25;25;;;
None;SA MAISON DE JOUVENCE;Privé;X23;Chimiothérapie (hors séances);CENTRE GEORGE-FRANCOIS LECLERC;21;21;;;
None;HOTEL-DIEU DU CREUSOT;PSPH/EBNL;C09 ;"Chir. majeure de l'app. Locomoteur:
 hanche, fémur, genou, épaule";HOTEL-DIEU DU CREUSOT;24;114;;;
None;HOTEL-DIEU DU CREUSOT;PSPH/EBNL;X08;Pneumologie ;HOTEL-DIEU DU CREUSOT;22;;;;
None;HOTEL-DIEU DU CREUSOT;PSPH/EBNL;X05;Traumatologie et ablation de matériel de l'appareil locomoteur;HOTEL-DIEU DU CREUSOT;19;;;;
None;HOTEL-DIEU DU CREUSOT;PSPH/EBNL;X06;Rhumatologie ;HOTEL-DIEU DU CREUSOT;19;;;;
None;HOTEL-DIEU DU CREUSOT;PSPH/EBNL;X07 ;Affection cardio-vasculaire ;HOTEL-DIEU DU CREUSOT;19;;;;
None;HOTEL-DIEU DU CREUSOT;PSPH/EBNL;X03;Neurologie médicale;HOTEL-DIEU DU CREUSOT;11;;;;
None;CH JEAN BOUVERI;CH;C09 ;"Chir. majeure de l'app. Locomoteur:
 hanche, fémur, genou, épaule";HOTEL-DIEU DU CREUSOT;21;21;;;
None;CH DE LA GUICHE;CH;X08;Pneumologie ;HOTEL-DIEU DU CREUSOT;20;20;;;
